"id";"name";"created_at";"updated_at"
"1";"Abarth";"2020-01-21 11:34:36";"2020-01-21 11:34:36"
"2";"AC";"2020-01-21 11:34:36";"2020-01-21 11:34:36"
"3";"Aixam";"2020-01-21 11:34:36";"2020-01-21 11:34:36"
"4";"Alfa Romeo";"2020-01-21 11:34:36";"2020-01-21 11:34:36"
"5";"Alpine";"2020-01-21 11:34:36";"2020-01-21 11:34:36"
"6";"Ariel";"2020-01-21 11:34:36";"2020-01-21 11:34:36"
"7";"Aston Martin";"2020-01-21 11:34:36";"2020-01-21 11:34:36"
"8";"Audi";"2020-01-21 11:34:36";"2020-01-21 11:34:36"
"9";"Austin";"2020-01-21 11:34:36";"2020-01-21 11:34:36"
"10";"BAC";"2020-01-21 11:34:36";"2020-01-21 11:34:36"
"11";"Beauford";"2020-01-21 11:34:36";"2020-01-21 11:34:36"
"12";"Bentley";"2020-01-21 11:34:36";"2020-01-21 11:34:36"
"13";"BMW";"2020-01-21 11:34:36";"2020-01-21 11:34:36"
"14";"Bristol";"2020-01-21 11:34:36";"2020-01-21 11:34:36"
"15";"Bugatti";"2020-01-21 11:34:36";"2020-01-21 11:34:36"
"16";"Buick";"2020-01-21 11:34:36";"2020-01-21 11:34:36"
"17";"Cadillac";"2020-01-21 11:34:36";"2020-01-21 11:34:36"
"18";"Caterham";"2020-01-21 11:34:36";"2020-01-21 11:34:36"
"19";"Chesil";"2020-01-21 11:34:36";"2020-01-21 11:34:36"
"20";"Chevrolet";"2020-01-21 11:34:36";"2020-01-21 11:34:36"
"21";"Chrysler";"2020-01-21 11:34:36";"2020-01-21 11:34:36"
"22";"Citroen";"2020-01-21 11:34:36";"2020-01-21 11:34:36"
"23";"Corvette";"2020-01-21 11:34:36";"2020-01-21 11:34:36"
"24";"Cupra";"2020-01-21 11:34:36";"2020-01-21 11:34:36"
"25";"Custom Vehicle";"2020-01-21 11:34:36";"2020-01-21 11:34:36"
"26";"Dacia";"2020-01-21 11:34:36";"2020-01-21 11:34:36"
"27";"Daewoo";"2020-01-21 11:34:36";"2020-01-21 11:34:36"
"28";"Daihatsu";"2020-01-21 11:34:36";"2020-01-21 11:34:36"
"29";"Daimler";"2020-01-21 11:34:36";"2020-01-21 11:34:36"
"30";"Datsun";"2020-01-21 11:34:36";"2020-01-21 11:34:36"
"31";"Dax";"2020-01-21 11:34:36";"2020-01-21 11:34:36"
"32";"Dodge";"2020-01-21 11:34:36";"2020-01-21 11:34:36"
"33";"DS Automobiles";"2020-01-21 11:34:36";"2020-01-21 11:34:36"
"34";"Ferrari";"2020-01-21 11:34:36";"2020-01-21 11:34:36"
"35";"Fiat";"2020-01-21 11:34:36";"2020-01-21 11:34:36"
"36";"Ford";"2020-01-21 11:34:36";"2020-01-21 11:34:36"
"37";"GMC";"2020-01-21 11:34:36";"2020-01-21 11:34:36"
"38";"Great Wall";"2020-01-21 11:34:36";"2020-01-21 11:34:36"
"39";"Holden";"2020-01-21 11:34:36";"2020-01-21 11:34:36"
"40";"Honda";"2020-01-21 11:34:36";"2020-01-21 11:34:36"
"41";"Humber";"2020-01-21 11:34:36";"2020-01-21 11:34:36"
"42";"Hummer";"2020-01-21 11:34:36";"2020-01-21 11:34:36"
"43";"Hyundai";"2020-01-21 11:34:36";"2020-01-21 11:34:36"
"44";"Infiniti";"2020-01-21 11:34:36";"2020-01-21 11:34:36"
"45";"Isuzu";"2020-01-21 11:34:36";"2020-01-21 11:34:36"
"46";"Jaguar";"2020-01-21 11:34:36";"2020-01-21 11:34:36"
"47";"Jeep";"2020-01-21 11:34:36";"2020-01-21 11:34:36"
"48";"Jensen";"2020-01-21 11:34:36";"2020-01-21 11:34:36"
"49";"Kia";"2020-01-21 11:34:36";"2020-01-21 11:34:36"
"50";"Koenigsegg";"2020-01-21 11:34:36";"2020-01-21 11:34:36"
"51";"KTM";"2020-01-21 11:34:36";"2020-01-21 11:34:36"
"52";"Lamborghini";"2020-01-21 11:34:36";"2020-01-21 11:34:36"
"53";"Lancia";"2020-01-21 11:34:36";"2020-01-21 11:34:36"
"54";"Land Rover";"2020-01-21 11:34:36";"2020-01-21 11:34:36"
"55";"Levc";"2020-01-21 11:34:36";"2020-01-21 11:34:36"
"56";"Lexus";"2020-01-21 11:34:36";"2020-01-21 11:34:36"
"57";"Leyland";"2020-01-21 11:34:36";"2020-01-21 11:34:36"
"58";"Lincoln";"2020-01-21 11:34:36";"2020-01-21 11:34:36"
"59";"London Taxis International";"2020-01-21 11:34:36";"2020-01-21 11:34:36"
"60";"Lotus";"2020-01-21 11:34:36";"2020-01-21 11:34:36"
"61";"Maserati";"2020-01-21 11:34:36";"2020-01-21 11:34:36"
"62";"Maybach";"2020-01-21 11:34:36";"2020-01-21 11:34:36"
"63";"Mazda";"2020-01-21 11:34:36";"2020-01-21 11:34:36"
"64";"Mclaren";"2020-01-21 11:34:36";"2020-01-21 11:34:36"
"65";"Mercedes-Benz";"2020-01-21 11:34:36";"2020-01-21 11:34:36"
"66";"MG";"2020-01-21 11:34:36";"2020-01-21 11:34:36"
"67";"Microcar";"2020-01-21 11:34:36";"2020-01-21 11:34:36"
"68";"Mini";"2020-01-21 11:34:36";"2020-01-21 11:34:36"
"69";"Mitsubishi";"2020-01-21 11:34:36";"2020-01-21 11:34:36"
"70";"Morgan";"2020-01-21 11:34:36";"2020-01-21 11:34:36"
"71";"Morris";"2020-01-21 11:34:36";"2020-01-21 11:34:36"
"72";"Nissan";"2020-01-21 11:34:36";"2020-01-21 11:34:36"
"73";"Noble";"2020-01-21 11:34:36";"2020-01-21 11:34:36"
"74";"Opel";"2020-01-21 11:34:36";"2020-01-21 11:34:36"
"75";"Perodua";"2020-01-21 11:34:36";"2020-01-21 11:34:36"
"76";"Peugeot";"2020-01-21 11:34:36";"2020-01-21 11:34:36"
"77";"Pilgrim";"2020-01-21 11:34:36";"2020-01-21 11:34:36"
"78";"Plymouth";"2020-01-21 11:34:36";"2020-01-21 11:34:36"
"79";"Pontiac";"2020-01-21 11:34:36";"2020-01-21 11:34:36"
"80";"Porsche";"2020-01-21 11:34:36";"2020-01-21 11:34:36"
"81";"Proton";"2020-01-21 11:34:36";"2020-01-21 11:34:36"
"82";"Radical";"2020-01-21 11:34:36";"2020-01-21 11:34:36"
"83";"Raw";"2020-01-21 11:34:36";"2020-01-21 11:34:36"
"84";"Reliant";"2020-01-21 11:34:36";"2020-01-21 11:34:36"
"85";"Renault";"2020-01-21 11:34:36";"2020-01-21 11:34:36"
"86";"Replica";"2020-01-21 11:34:36";"2020-01-21 11:34:36"
"87";"Reva";"2020-01-21 11:34:36";"2020-01-21 11:34:36"
"88";"Riley";"2020-01-21 11:34:36";"2020-01-21 11:34:36"
"89";"Rolls-Royce";"2020-01-21 11:34:36";"2020-01-21 11:34:36"
"90";"Rover";"2020-01-21 11:34:36";"2020-01-21 11:34:36"
"91";"Saab";"2020-01-21 11:34:36";"2020-01-21 11:34:36"
"92";"Seat";"2020-01-21 11:34:36";"2020-01-21 11:34:36"
"93";"Singer";"2020-01-21 11:34:36";"2020-01-21 11:34:36"
"94";"Skoda";"2020-01-21 11:34:36";"2020-01-21 11:34:36"
"95";"Smart";"2020-01-21 11:34:36";"2020-01-21 11:34:36"
"96";"Ssangyong";"2020-01-21 11:34:36";"2020-01-21 11:34:36"
"97";"Standard";"2020-01-21 11:34:36";"2020-01-21 11:34:36"
"98";"Subaru";"2020-01-21 11:34:36";"2020-01-21 11:34:36"
"99";"Sunbeam";"2020-01-21 11:34:36";"2020-01-21 11:34:36"
"100";"Suzuki";"2020-01-21 11:34:36";"2020-01-21 11:34:36"
"101";"Tesla";"2020-01-21 11:34:36";"2020-01-21 11:34:36"
"102";"Toyota";"2020-01-21 11:34:36";"2020-01-21 11:34:36"
"103";"Triumph";"2020-01-21 11:34:36";"2020-01-21 11:34:36"
"104";"TVR";"2020-01-21 11:34:36";"2020-01-21 11:34:36"
"105";"Ultima";"2020-01-21 11:34:36";"2020-01-21 11:34:36"
"106";"Vauxhall";"2020-01-21 11:34:36";"2020-01-21 11:34:36"
"107";"Volkswagen";"2020-01-21 11:34:36";"2020-01-21 11:34:36"
"108";"Volvo";"2020-01-21 11:34:36";"2020-01-21 11:34:36"
"109";"Westfield";"2020-01-21 11:34:36";"2020-01-21 11:34:36"
"110";"Wolseley";"2020-01-21 11:34:36";"2020-01-21 11:34:36"
"111";"Yamaha";"2020-01-21 11:34:36";"2020-01-21 11:34:36"
"112";"Zenos";"2020-01-21 11:34:36";"2020-01-21 11:34:36"
