"id";"make_id";"name";"created_at";"updated_at"
1123;3;"Crossline";"2020-01-27 14:47:57";"2020-01-27 14:47:57"
1124;3;"eCity";"2020-01-27 14:47:57";"2020-01-27 14:47:57"
1125;4;"145";"2020-01-27 14:47:57";"2020-01-27 14:47:57"
1126;4;"146";"2020-01-27 14:47:57";"2020-01-27 14:47:57"
1127;4;"147";"2020-01-27 14:47:57";"2020-01-27 14:47:57"
1128;4;"155";"2020-01-27 14:47:57";"2020-01-27 14:47:57"
1129;4;"156";"2020-01-27 14:47:57";"2020-01-27 14:47:57"
1130;4;"156 Sportwagon";"2020-01-27 14:47:57";"2020-01-27 14:47:57"
1131;4;"159";"2020-01-27 14:47:57";"2020-01-27 14:47:57"
1132;4;"159 Sportwagon";"2020-01-27 14:47:57";"2020-01-27 14:47:57"
1133;4;"166";"2020-01-27 14:47:57";"2020-01-27 14:47:57"
1134;4;"2000";"2020-01-27 14:47:57";"2020-01-27 14:47:57"
1135;4;"33";"2020-01-27 14:47:57";"2020-01-27 14:47:57"
1136;4;"4c";"2020-01-27 14:47:57";"2020-01-27 14:47:57"
1137;4;"8c";"2020-01-27 14:47:57";"2020-01-27 14:47:57"
1138;4;"Brera";"2020-01-27 14:47:57";"2020-01-27 14:47:57"
1139;4;"Giulia";"2020-01-27 14:47:57";"2020-01-27 14:47:57"
1140;4;"Giulietta";"2020-01-27 14:47:57";"2020-01-27 14:47:57"
1141;4;"Gt";"2020-01-27 14:47:57";"2020-01-27 14:47:57"
1142;4;"Gtv";"2020-01-27 14:47:57";"2020-01-27 14:47:57"
1143;4;"Mito";"2020-01-27 14:47:57";"2020-01-27 14:47:57"
1144;4;"Spider";"2020-01-27 14:47:57";"2020-01-27 14:47:57"
1145;4;"Stelvio";"2020-01-27 14:47:57";"2020-01-27 14:47:57"
1146;5;"A110";"2020-01-27 14:47:57";"2020-01-27 14:47:57"
1147;6;"Atom";"2020-01-27 14:47:57";"2020-01-27 14:47:57"
1148;7;"Cygnet";"2020-01-27 14:47:57";"2020-01-27 14:47:57"
1149;7;"Db11";"2020-01-27 14:47:57";"2020-01-27 14:47:57"
1150;7;"Db2";"2020-01-27 14:47:57";"2020-01-27 14:47:57"
1151;7;"Db4";"2020-01-27 14:47:57";"2020-01-27 14:47:57"
1152;7;"Db5";"2020-01-27 14:47:57";"2020-01-27 14:47:57"
1153;7;"Db6";"2020-01-27 14:47:57";"2020-01-27 14:47:57"
1154;7;"Db7";"2020-01-27 14:47:57";"2020-01-27 14:47:57"
1155;7;"Db9";"2020-01-27 14:47:57";"2020-01-27 14:47:57"
1156;7;"Dbs";"2020-01-27 14:47:57";"2020-01-27 14:47:57"
1157;7;"Rapide";"2020-01-27 14:47:57";"2020-01-27 14:47:57"
1158;7;"Rapide S";"2020-01-27 14:47:57";"2020-01-27 14:47:57"
1159;7;"V8";"2020-01-27 14:47:57";"2020-01-27 14:47:57"
1160;7;"Vanquish";"2020-01-27 14:47:57";"2020-01-27 14:47:57"
1161;7;"Vantage";"2020-01-27 14:47:57";"2020-01-27 14:47:57"
1162;7;"Virage";"2020-01-27 14:47:57";"2020-01-27 14:47:57"
1163;9;"A35";"2020-01-27 14:47:57";"2020-01-27 14:47:57"
1164;9;"Allegro";"2020-01-27 14:47:57";"2020-01-27 14:47:57"
1165;9;"Cooper";"2020-01-27 14:47:57";"2020-01-27 14:47:57"
1166;9;"Maestro";"2020-01-27 14:47:57";"2020-01-27 14:47:57"
1167;9;"Metro";"2020-01-27 14:47:57";"2020-01-27 14:47:57"
1168;9;"Mini";"2020-01-27 14:47:57";"2020-01-27 14:47:57"
1169;10;"Mono";"2020-01-27 14:47:57";"2020-01-27 14:47:57"
1170;11;"Open Tourer";"2020-01-27 14:47:57";"2020-01-27 14:47:57"
1171;12;"Arnage";"2020-01-27 14:47:57";"2020-01-27 14:47:57"
1172;12;"Azure";"2020-01-27 14:47:57";"2020-01-27 14:47:57"
1173;12;"Bentayga";"2020-01-27 14:47:57";"2020-01-27 14:47:57"
1174;12;"Brooklands";"2020-01-27 14:47:57";"2020-01-27 14:47:57"
1175;12;"Continental";"2020-01-27 14:47:57";"2020-01-27 14:47:57"
1176;12;"Eight";"2020-01-27 14:47:57";"2020-01-27 14:47:57"
1177;12;"Flying Spur";"2020-01-27 14:47:57";"2020-01-27 14:47:57"
1178;12;"Mulsanne";"2020-01-27 14:47:57";"2020-01-27 14:47:57"
1179;12;"Series Ii";"2020-01-27 14:47:57";"2020-01-27 14:47:57"
1180;12;"T Series";"2020-01-27 14:47:57";"2020-01-27 14:47:57"
1181;12;"Turbo R";"2020-01-27 14:47:57";"2020-01-27 14:47:57"
1182;12;"Turbo Rt";"2020-01-27 14:47:57";"2020-01-27 14:47:57"
1183;13;"1 Series";"2020-01-27 14:47:57";"2020-01-27 14:47:57"
1184;13;"2 Series";"2020-01-27 14:47:57";"2020-01-27 14:47:57"
1185;13;"2 Series Active Tourer";"2020-01-27 14:47:57";"2020-01-27 14:47:57"
1186;13;"2 Series Gran Tourer";"2020-01-27 14:47:57";"2020-01-27 14:47:57"
1187;13;"3 Series";"2020-01-27 14:47:57";"2020-01-27 14:47:57"
1188;13;"3 Series Gran Turismo";"2020-01-27 14:47:57";"2020-01-27 14:47:57"
1189;13;"4 Series";"2020-01-27 14:47:57";"2020-01-27 14:47:57"
1190;13;"4 Series Gran Coupe";"2020-01-27 14:47:57";"2020-01-27 14:47:57"
1191;13;"5 Series";"2020-01-27 14:47:57";"2020-01-27 14:47:57"
1192;13;"5 Series Gran Turismo";"2020-01-27 14:47:57";"2020-01-27 14:47:57"
1193;13;"6 Series";"2020-01-27 14:47:57";"2020-01-27 14:47:57"
1194;13;"6 Series Gran Coupe";"2020-01-27 14:47:57";"2020-01-27 14:47:57"
1195;13;"6 Series Gran Turismo";"2020-01-27 14:47:57";"2020-01-27 14:47:57"
1196;13;"7 Series";"2020-01-27 14:47:57";"2020-01-27 14:47:57"
1197;13;"8 Series";"2020-01-27 14:47:57";"2020-01-27 14:47:57"
1198;13;"8 Series Gran Coupe";"2020-01-27 14:47:57";"2020-01-27 14:47:57"
1199;13;"Alpina B10";"2020-01-27 14:47:57";"2020-01-27 14:47:57"
1200;13;"Alpina B3";"2020-01-27 14:47:57";"2020-01-27 14:47:57"
1201;13;"Alpina B3 Bi-turbo";"2020-01-27 14:47:57";"2020-01-27 14:47:57"
1202;13;"Alpina B4";"2020-01-27 14:47:57";"2020-01-27 14:47:57"
1203;13;"Alpina B5";"2020-01-27 14:47:57";"2020-01-27 14:47:57"
1204;13;"Alpina B7";"2020-01-27 14:47:57";"2020-01-27 14:47:57"
1205;13;"Alpina D3";"2020-01-27 14:47:57";"2020-01-27 14:47:57"
1206;13;"Alpina D3 Bi-turbo";"2020-01-27 14:47:57";"2020-01-27 14:47:57"
1207;13;"Alpina D4 Bi-turbo";"2020-01-27 14:47:57";"2020-01-27 14:47:57"
1208;13;"Alpina D5 Bi-turbo";"2020-01-27 14:47:57";"2020-01-27 14:47:57"
1209;13;"Alpina Roadster";"2020-01-27 14:47:57";"2020-01-27 14:47:57"
1210;13;"Alpina Unspecified Models";"2020-01-27 14:47:57";"2020-01-27 14:47:57"
1211;13;"Alpina Xd3 Bi-turbo";"2020-01-27 14:47:57";"2020-01-27 14:47:57"
1212;13;"I3";"2020-01-27 14:47:57";"2020-01-27 14:47:57"
1213;13;"I8";"2020-01-27 14:47:57";"2020-01-27 14:47:57"
1214;13;"Isetta";"2020-01-27 14:47:57";"2020-01-27 14:47:57"
1215;13;"M2";"2020-01-27 14:47:57";"2020-01-27 14:47:57"
1216;13;"M3";"2020-01-27 14:47:57";"2020-01-27 14:47:57"
1217;13;"M4";"2020-01-27 14:47:57";"2020-01-27 14:47:57"
1218;13;"M5";"2020-01-27 14:47:57";"2020-01-27 14:47:57"
1219;13;"M6";"2020-01-27 14:47:57";"2020-01-27 14:47:57"
1220;13;"M6 Gran Coupe";"2020-01-27 14:47:57";"2020-01-27 14:47:57"
1221;13;"M8";"2020-01-27 14:47:57";"2020-01-27 14:47:57"
1222;13;"M8 Gran Coupe";"2020-01-27 14:47:57";"2020-01-27 14:47:57"
1223;13;"X1";"2020-01-27 14:47:57";"2020-01-27 14:47:57"
1224;13;"X2";"2020-01-27 14:47:57";"2020-01-27 14:47:57"
1225;13;"X3";"2020-01-27 14:47:57";"2020-01-27 14:47:57"
1226;13;"X3M";"2020-01-27 14:47:57";"2020-01-27 14:47:57"
1227;13;"X4";"2020-01-27 14:47:57";"2020-01-27 14:47:57"
1228;13;"X4M";"2020-01-27 14:47:57";"2020-01-27 14:47:57"
1229;13;"X5";"2020-01-27 14:47:57";"2020-01-27 14:47:57"
1230;13;"X5M";"2020-01-27 14:47:57";"2020-01-27 14:47:57"
1231;13;"X6";"2020-01-27 14:47:57";"2020-01-27 14:47:57"
1232;13;"X6M";"2020-01-27 14:47:57";"2020-01-27 14:47:57"
1233;13;"X7";"2020-01-27 14:47:57";"2020-01-27 14:47:57"
1234;13;"Z1";"2020-01-27 14:47:57";"2020-01-27 14:47:57"
1235;13;"Z3";"2020-01-27 14:47:57";"2020-01-27 14:47:57"
1236;13;"Z3M";"2020-01-27 14:47:57";"2020-01-27 14:47:57"
1237;13;"Z4";"2020-01-27 14:47:57";"2020-01-27 14:47:57"
1238;13;"Z4M";"2020-01-27 14:47:57";"2020-01-27 14:47:57"
1239;13;"Z8";"2020-01-27 14:47:57";"2020-01-27 14:47:57"
1240;14;"400";"2020-01-27 14:47:57";"2020-01-27 14:47:57"
1241;14;"Blenheim";"2020-01-27 14:47:57";"2020-01-27 14:47:57"
1242;15;"Veyron";"2020-01-27 14:47:57";"2020-01-27 14:47:57"
1243;16;"Electra";"2020-01-27 14:47:57";"2020-01-27 14:47:57"
1244;17;"Bls";"2020-01-27 14:47:58";"2020-01-27 14:47:58"
1245;17;"Cts";"2020-01-27 14:47:58";"2020-01-27 14:47:58"
1246;17;"De Ville";"2020-01-27 14:47:58";"2020-01-27 14:47:58"
1247;17;"Escalade";"2020-01-27 14:47:58";"2020-01-27 14:47:58"
1248;17;"Fleetwood";"2020-01-27 14:47:58";"2020-01-27 14:47:58"
1249;17;"Sts";"2020-01-27 14:47:58";"2020-01-27 14:47:58"
1250;18;"Seven";"2020-01-27 14:47:58";"2020-01-27 14:47:58"
1251;19;"Speedster";"2020-01-27 14:47:58";"2020-01-27 14:47:58"
1252;20;"Aveo";"2020-01-27 14:47:58";"2020-01-27 14:47:58"
1253;20;"C/k";"2020-01-27 14:47:58";"2020-01-27 14:47:58"
1254;20;"C20";"2020-01-27 14:47:58";"2020-01-27 14:47:58"
1255;20;"Camaro";"2020-01-27 14:47:58";"2020-01-27 14:47:58"
1256;20;"Captiva";"2020-01-27 14:47:58";"2020-01-27 14:47:58"
1257;20;"Chevy";"2020-01-27 14:47:58";"2020-01-27 14:47:58"
1258;20;"Corvair";"2020-01-27 14:47:58";"2020-01-27 14:47:58"
1259;20;"Corvette";"2020-01-27 14:47:58";"2020-01-27 14:47:58"
1260;20;"Cruze";"2020-01-27 14:47:58";"2020-01-27 14:47:58"
1261;20;"Epica";"2020-01-27 14:47:58";"2020-01-27 14:47:58"
1262;20;"Kalos";"2020-01-27 14:47:58";"2020-01-27 14:47:58"
1263;20;"Lacetti";"2020-01-27 14:47:58";"2020-01-27 14:47:58"
1264;20;"Matiz";"2020-01-27 14:47:58";"2020-01-27 14:47:58"
1265;20;"Orlando";"2020-01-27 14:47:58";"2020-01-27 14:47:58"
1266;20;"Silverado";"2020-01-27 14:47:58";"2020-01-27 14:47:58"
1267;20;"Spark";"2020-01-27 14:47:58";"2020-01-27 14:47:58"
1268;20;"Ssr";"2020-01-27 14:47:58";"2020-01-27 14:47:58"
1269;20;"Suburban";"2020-01-27 14:47:58";"2020-01-27 14:47:58"
1270;20;"Tacuma";"2020-01-27 14:47:58";"2020-01-27 14:47:58"
1271;20;"Tahoe";"2020-01-27 14:47:58";"2020-01-27 14:47:58"
1272;20;"Trax";"2020-01-27 14:47:58";"2020-01-27 14:47:58"
1273;20;"Volt";"2020-01-27 14:47:58";"2020-01-27 14:47:58"
1274;21;"300c";"2020-01-27 14:47:58";"2020-01-27 14:47:58"
1275;21;"Crossfire";"2020-01-27 14:47:58";"2020-01-27 14:47:58"
1276;21;"Delta";"2020-01-27 14:47:58";"2020-01-27 14:47:58"
1277;21;"Grand Voyager";"2020-01-27 14:47:58";"2020-01-27 14:47:58"
1278;21;"Pt Cruiser";"2020-01-27 14:47:58";"2020-01-27 14:47:58"
1279;21;"Sebring";"2020-01-27 14:47:58";"2020-01-27 14:47:58"
1280;21;"Viper";"2020-01-27 14:47:58";"2020-01-27 14:47:58"
1281;21;"Voyager";"2020-01-27 14:47:58";"2020-01-27 14:47:58"
1282;21;"Ypsilon";"2020-01-27 14:47:58";"2020-01-27 14:47:58"
1283;22;"2 Cv";"2020-01-27 14:47:58";"2020-01-27 14:47:58"
1284;22;"Ax";"2020-01-27 14:47:58";"2020-01-27 14:47:58"
1285;22;"Berlingo";"2020-01-27 14:47:58";"2020-01-27 14:47:58"
1286;22;"C-crosser";"2020-01-27 14:47:58";"2020-01-27 14:47:58"
1287;22;"C-zero";"2020-01-27 14:47:58";"2020-01-27 14:47:58"
1288;22;"C1";"2020-01-27 14:47:58";"2020-01-27 14:47:58"
1289;22;"C2";"2020-01-27 14:47:58";"2020-01-27 14:47:58"
1290;22;"C3";"2020-01-27 14:47:58";"2020-01-27 14:47:58"
1291;22;"C3 Aircross";"2020-01-27 14:47:58";"2020-01-27 14:47:58"
1292;22;"C3 Picasso";"2020-01-27 14:47:58";"2020-01-27 14:47:58"
1293;22;"C3 Pluriel";"2020-01-27 14:47:58";"2020-01-27 14:47:58"
1294;22;"C4";"2020-01-27 14:47:58";"2020-01-27 14:47:58"
1295;22;"C4 Cactus";"2020-01-27 14:47:58";"2020-01-27 14:47:58"
1296;22;"C4 Picasso";"2020-01-27 14:47:58";"2020-01-27 14:47:58"
1297;22;"C4 Spacetourer";"2020-01-27 14:47:58";"2020-01-27 14:47:58"
1298;22;"C5";"2020-01-27 14:47:58";"2020-01-27 14:47:58"
1299;22;"C5 Aircross";"2020-01-27 14:47:58";"2020-01-27 14:47:58"
1300;22;"C6";"2020-01-27 14:47:58";"2020-01-27 14:47:58"
1301;22;"C8";"2020-01-27 14:47:58";"2020-01-27 14:47:58"
1302;22;"Cx";"2020-01-27 14:47:58";"2020-01-27 14:47:58"
1303;22;"Dispatch";"2020-01-27 14:47:58";"2020-01-27 14:47:58"
1304;22;"Ds";"2020-01-27 14:47:58";"2020-01-27 14:47:58"
1305;22;"Ds3";"2020-01-27 14:47:58";"2020-01-27 14:47:58"
1306;22;"Ds3 Cabrio";"2020-01-27 14:47:58";"2020-01-27 14:47:58"
1307;22;"Ds4";"2020-01-27 14:47:58";"2020-01-27 14:47:58"
1308;22;"Ds5";"2020-01-27 14:47:58";"2020-01-27 14:47:58"
1309;22;"Dyane";"2020-01-27 14:47:58";"2020-01-27 14:47:58"
1310;22;"Grand C4 Picasso";"2020-01-27 14:47:58";"2020-01-27 14:47:58"
1311;22;"Grand C4 Spacetourer";"2020-01-27 14:47:58";"2020-01-27 14:47:58"
1312;22;"Nemo Multispace";"2020-01-27 14:47:58";"2020-01-27 14:47:58"
1313;22;"Relay";"2020-01-27 14:47:58";"2020-01-27 14:47:58"
1314;22;"Saxo";"2020-01-27 14:47:58";"2020-01-27 14:47:58"
1315;22;"Spacetourer";"2020-01-27 14:47:58";"2020-01-27 14:47:58"
1316;22;"Xm";"2020-01-27 14:47:58";"2020-01-27 14:47:58"
1317;22;"Xsara";"2020-01-27 14:47:58";"2020-01-27 14:47:58"
1318;22;"Xsara Picasso";"2020-01-27 14:47:58";"2020-01-27 14:47:58"
1319;22;"Zx";"2020-01-27 14:47:58";"2020-01-27 14:47:58"
1320;23;"C7";"2020-01-27 14:47:58";"2020-01-27 14:47:58"
1321;23;"Stingray";"2020-01-27 14:47:58";"2020-01-27 14:47:58"
1322;24;"Ateca";"2020-01-27 14:47:58";"2020-01-27 14:47:58"
1323;26;"Duster";"2020-01-27 14:47:58";"2020-01-27 14:47:58"
1324;26;"Logan Mcv";"2020-01-27 14:47:58";"2020-01-27 14:47:58"
1325;26;"Logan Mcv Stepway";"2020-01-27 14:47:58";"2020-01-27 14:47:58"
1326;26;"Sandero";"2020-01-27 14:47:58";"2020-01-27 14:47:58"
1327;26;"Sandero Stepway";"2020-01-27 14:47:58";"2020-01-27 14:47:58"
1328;27;"Kalos";"2020-01-27 14:47:58";"2020-01-27 14:47:58"
1329;27;"Matiz";"2020-01-27 14:47:58";"2020-01-27 14:47:58"
1330;27;"Nubira";"2020-01-27 14:47:58";"2020-01-27 14:47:58"
1331;28;"Charade";"2020-01-27 14:47:58";"2020-01-27 14:47:58"
1332;28;"Copen";"2020-01-27 14:47:58";"2020-01-27 14:47:58"
1333;28;"Fourtrak";"2020-01-27 14:47:58";"2020-01-27 14:47:58"
1334;28;"Materia";"2020-01-27 14:47:58";"2020-01-27 14:47:58"
1335;28;"Sirion";"2020-01-27 14:47:58";"2020-01-27 14:47:58"
1336;28;"Terios";"2020-01-27 14:47:58";"2020-01-27 14:47:58"
1337;28;"Yrv";"2020-01-27 14:47:58";"2020-01-27 14:47:58"
1338;29;"Double Six";"2020-01-27 14:47:58";"2020-01-27 14:47:58"
1339;29;"Saloon";"2020-01-27 14:47:58";"2020-01-27 14:47:58"
1340;29;"Sovereign";"2020-01-27 14:47:58";"2020-01-27 14:47:58"
1341;29;"Super Eight";"2020-01-27 14:47:58";"2020-01-27 14:47:58"
1342;29;"Xj Series";"2020-01-27 14:47:58";"2020-01-27 14:47:58"
1343;30;"280z";"2020-01-27 14:47:58";"2020-01-27 14:47:58"
1344;30;"Stanza";"2020-01-27 14:47:58";"2020-01-27 14:47:58"
1345;31;"Rush";"2020-01-27 14:47:58";"2020-01-27 14:47:58"
1346;32;"Avenger";"2020-01-27 14:47:58";"2020-01-27 14:47:58"
1347;32;"Caliber";"2020-01-27 14:47:58";"2020-01-27 14:47:58"
1348;32;"Challenger";"2020-01-27 14:47:58";"2020-01-27 14:47:58"
1349;32;"Charger";"2020-01-27 14:47:58";"2020-01-27 14:47:58"
1350;32;"Durango";"2020-01-27 14:47:58";"2020-01-27 14:47:58"
1351;32;"Journey";"2020-01-27 14:47:58";"2020-01-27 14:47:58"
1352;32;"Nitro";"2020-01-27 14:47:58";"2020-01-27 14:47:58"
1353;32;"Ram";"2020-01-27 14:47:58";"2020-01-27 14:47:58"
1354;32;"Viper";"2020-01-27 14:47:58";"2020-01-27 14:47:58"
1355;33;"Ds 3";"2020-01-27 14:47:58";"2020-01-27 14:47:58"
1356;33;"Ds 3 Cabrio";"2020-01-27 14:47:58";"2020-01-27 14:47:58"
1357;33;"Ds 3 Crossback";"2020-01-27 14:47:58";"2020-01-27 14:47:58"
1358;33;"Ds 4";"2020-01-27 14:47:58";"2020-01-27 14:47:58"
1359;33;"Ds 4 Crossback";"2020-01-27 14:47:58";"2020-01-27 14:47:58"
1360;33;"Ds 5";"2020-01-27 14:47:58";"2020-01-27 14:47:58"
1361;33;"Ds 7 Crossback";"2020-01-27 14:47:58";"2020-01-27 14:47:58"
1362;34;"246";"2020-01-27 14:47:58";"2020-01-27 14:47:58"
1363;34;"250";"2020-01-27 14:47:58";"2020-01-27 14:47:58"
1364;34;"288";"2020-01-27 14:47:58";"2020-01-27 14:47:58"
1365;34;"308";"2020-01-27 14:47:58";"2020-01-27 14:47:58"
1366;34;"328";"2020-01-27 14:47:58";"2020-01-27 14:47:58"
1367;34;"348";"2020-01-27 14:47:58";"2020-01-27 14:47:58"
1368;34;"355 F1";"2020-01-27 14:47:58";"2020-01-27 14:47:58"
1369;34;"360";"2020-01-27 14:47:58";"2020-01-27 14:47:58"
1370;34;"365";"2020-01-27 14:47:58";"2020-01-27 14:47:58"
1371;34;"430";"2020-01-27 14:47:58";"2020-01-27 14:47:58"
1372;34;"456";"2020-01-27 14:47:58";"2020-01-27 14:47:58"
1373;34;"456m";"2020-01-27 14:47:58";"2020-01-27 14:47:58"
1374;34;"458";"2020-01-27 14:47:58";"2020-01-27 14:47:58"
1375;34;"488";"2020-01-27 14:47:58";"2020-01-27 14:47:58"
1376;34;"488 Pista";"2020-01-27 14:47:58";"2020-01-27 14:47:58"
1377;34;"512";"2020-01-27 14:47:58";"2020-01-27 14:47:58"
1378;34;"550";"2020-01-27 14:47:58";"2020-01-27 14:47:58"
1379;34;"575m";"2020-01-27 14:47:58";"2020-01-27 14:47:58"
1380;34;"599";"2020-01-27 14:47:58";"2020-01-27 14:47:58"
1381;34;"612";"2020-01-27 14:47:58";"2020-01-27 14:47:58"
1382;34;"812 Superfast";"2020-01-27 14:47:58";"2020-01-27 14:47:58"
1383;34;"California";"2020-01-27 14:47:58";"2020-01-27 14:47:58"
1384;34;"Daytona";"2020-01-27 14:47:58";"2020-01-27 14:47:58"
1385;34;"Dino";"2020-01-27 14:47:58";"2020-01-27 14:47:58"
1386;34;"Enzo";"2020-01-27 14:47:59";"2020-01-27 14:47:59"
1387;34;"F12berlinetta";"2020-01-27 14:47:59";"2020-01-27 14:47:59"
1388;34;"F12tdf";"2020-01-27 14:47:59";"2020-01-27 14:47:59"
1389;34;"F355";"2020-01-27 14:47:59";"2020-01-27 14:47:59"
1390;34;"F40";"2020-01-27 14:47:59";"2020-01-27 14:47:59"
1391;34;"F430";"2020-01-27 14:47:59";"2020-01-27 14:47:59"
1392;34;"F512";"2020-01-27 14:47:59";"2020-01-27 14:47:59"
1393;34;"Ff";"2020-01-27 14:47:59";"2020-01-27 14:47:59"
1394;34;"Gtc4lusso";"2020-01-27 14:47:59";"2020-01-27 14:47:59"
1395;34;"Laferrari";"2020-01-27 14:47:59";"2020-01-27 14:47:59"
1396;34;"Mondial";"2020-01-27 14:47:59";"2020-01-27 14:47:59"
1397;34;"Portofino";"2020-01-27 14:47:59";"2020-01-27 14:47:59"
1398;34;"Scuderia Spider";"2020-01-27 14:47:59";"2020-01-27 14:47:59"
1399;34;"Superamerica";"2020-01-27 14:47:59";"2020-01-27 14:47:59"
1400;34;"Testarossa";"2020-01-27 14:47:59";"2020-01-27 14:47:59"
1401;35;"124 Spider";"2020-01-27 14:47:59";"2020-01-27 14:47:59"
1402;35;"126";"2020-01-27 14:47:59";"2020-01-27 14:47:59"
1403;35;"2300";"2020-01-27 14:47:59";"2020-01-27 14:47:59"
1404;35;"500";"2020-01-27 14:47:59";"2020-01-27 14:47:59"
1405;35;"500c";"2020-01-27 14:47:59";"2020-01-27 14:47:59"
1406;35;"500l";"2020-01-27 14:47:59";"2020-01-27 14:47:59"
1407;35;"500x";"2020-01-27 14:47:59";"2020-01-27 14:47:59"
1408;35;"600";"2020-01-27 14:47:59";"2020-01-27 14:47:59"
1409;35;"Abarth";"2020-01-27 14:47:59";"2020-01-27 14:47:59"
1410;35;"Barchetta";"2020-01-27 14:47:59";"2020-01-27 14:47:59"
1411;35;"Bravo";"2020-01-27 14:47:59";"2020-01-27 14:47:59"
1412;35;"Cinquecento";"2020-01-27 14:47:59";"2020-01-27 14:47:59"
1413;35;"Coupe";"2020-01-27 14:47:59";"2020-01-27 14:47:59"
1414;35;"Croma";"2020-01-27 14:47:59";"2020-01-27 14:47:59"
1415;35;"Doblo";"2020-01-27 14:47:59";"2020-01-27 14:47:59"
1416;35;"Ducato";"2020-01-27 14:47:59";"2020-01-27 14:47:59"
1417;35;"Fiorino";"2020-01-27 14:47:59";"2020-01-27 14:47:59"
1418;35;"Fullback";"2020-01-27 14:47:59";"2020-01-27 14:47:59"
1419;35;"Grande Punto";"2020-01-27 14:47:59";"2020-01-27 14:47:59"
1420;35;"Idea";"2020-01-27 14:47:59";"2020-01-27 14:47:59"
1421;35;"Multipla";"2020-01-27 14:47:59";"2020-01-27 14:47:59"
1422;35;"Panda";"2020-01-27 14:47:59";"2020-01-27 14:47:59"
1423;35;"Punto";"2020-01-27 14:47:59";"2020-01-27 14:47:59"
1424;35;"Punto Evo";"2020-01-27 14:47:59";"2020-01-27 14:47:59"
1425;35;"Qubo";"2020-01-27 14:47:59";"2020-01-27 14:47:59"
1426;35;"Scudo";"2020-01-27 14:47:59";"2020-01-27 14:47:59"
1427;35;"Sedici";"2020-01-27 14:47:59";"2020-01-27 14:47:59"
1428;35;"Seicento";"2020-01-27 14:47:59";"2020-01-27 14:47:59"
1429;35;"Spider";"2020-01-27 14:47:59";"2020-01-27 14:47:59"
1430;35;"Stilo";"2020-01-27 14:47:59";"2020-01-27 14:47:59"
1431;35;"Talento";"2020-01-27 14:47:59";"2020-01-27 14:47:59"
1432;35;"Tipo";"2020-01-27 14:47:59";"2020-01-27 14:47:59"
1433;35;"Ulysse";"2020-01-27 14:47:59";"2020-01-27 14:47:59"
1434;35;"X1/9";"2020-01-27 14:47:59";"2020-01-27 14:47:59"
1435;36;"B-max";"2020-01-27 14:47:59";"2020-01-27 14:47:59"
1436;36;"C-max";"2020-01-27 14:47:59";"2020-01-27 14:47:59"
1437;36;"Capri";"2020-01-27 14:47:59";"2020-01-27 14:47:59"
1438;36;"Cortina";"2020-01-27 14:47:59";"2020-01-27 14:47:59"
1439;36;"Cougar";"2020-01-27 14:47:59";"2020-01-27 14:47:59"
1440;36;"Econoline";"2020-01-27 14:47:59";"2020-01-27 14:47:59"
1441;36;"Ecosport";"2020-01-27 14:47:59";"2020-01-27 14:47:59"
1442;36;"Edge";"2020-01-27 14:47:59";"2020-01-27 14:47:59"
1443;36;"Escort";"2020-01-27 14:47:59";"2020-01-27 14:47:59"
1444;36;"Expedition";"2020-01-27 14:47:59";"2020-01-27 14:47:59"
1445;36;"Explorer";"2020-01-27 14:47:59";"2020-01-27 14:47:59"
1446;36;"F1";"2020-01-27 14:47:59";"2020-01-27 14:47:59"
1447;36;"F150";"2020-01-27 14:47:59";"2020-01-27 14:47:59"
1448;36;"F350";"2020-01-27 14:47:59";"2020-01-27 14:47:59"
1449;36;"Fiesta";"2020-01-27 14:47:59";"2020-01-27 14:47:59"
1450;36;"Focus";"2020-01-27 14:47:59";"2020-01-27 14:47:59"
1451;36;"Focus C-max";"2020-01-27 14:47:59";"2020-01-27 14:47:59"
1452;36;"Focus CC";"2020-01-27 14:47:59";"2020-01-27 14:47:59"
1453;36;"Freda";"2020-01-27 14:47:59";"2020-01-27 14:47:59"
1454;36;"Fusion";"2020-01-27 14:47:59";"2020-01-27 14:47:59"
1455;36;"Galaxy";"2020-01-27 14:47:59";"2020-01-27 14:47:59"
1456;36;"Grand C-max";"2020-01-27 14:47:59";"2020-01-27 14:47:59"
1457;36;"Grand Tourneo Connect";"2020-01-27 14:47:59";"2020-01-27 14:47:59"
1458;36;"GT";"2020-01-27 14:47:59";"2020-01-27 14:47:59"
1459;36;"Ka";"2020-01-27 14:47:59";"2020-01-27 14:47:59"
1460;36;"Ka+";"2020-01-27 14:47:59";"2020-01-27 14:47:59"
1461;36;"Kuga";"2020-01-27 14:47:59";"2020-01-27 14:47:59"
1462;36;"Mondeo";"2020-01-27 14:47:59";"2020-01-27 14:47:59"
1463;36;"Mustang";"2020-01-27 14:47:59";"2020-01-27 14:47:59"
1464;36;"Orion";"2020-01-27 14:47:59";"2020-01-27 14:47:59"
1465;36;"Popular";"2020-01-27 14:47:59";"2020-01-27 14:47:59"
1466;36;"Probe";"2020-01-27 14:47:59";"2020-01-27 14:47:59"
1467;36;"Puma";"2020-01-27 14:47:59";"2020-01-27 14:47:59"
1468;36;"Ranger";"2020-01-27 14:47:59";"2020-01-27 14:47:59"
1469;36;"S-MAX";"2020-01-27 14:47:59";"2020-01-27 14:47:59"
1470;36;"Sierra";"2020-01-27 14:47:59";"2020-01-27 14:47:59"
1471;36;"Streetka";"2020-01-27 14:47:59";"2020-01-27 14:47:59"
1472;36;"Thunderbird";"2020-01-27 14:47:59";"2020-01-27 14:47:59"
1473;36;"Tourneo Connect";"2020-01-27 14:47:59";"2020-01-27 14:47:59"
1474;36;"Tourneo Courier";"2020-01-27 14:47:59";"2020-01-27 14:47:59"
1475;36;"Tourneo Custom";"2020-01-27 14:47:59";"2020-01-27 14:47:59"
1476;36;"Transit";"2020-01-27 14:47:59";"2020-01-27 14:47:59"
1477;36;"Transit Connect";"2020-01-27 14:47:59";"2020-01-27 14:47:59"
1478;36;"Transit Courier";"2020-01-27 14:47:59";"2020-01-27 14:47:59"
1479;36;"Transit Custom";"2020-01-27 14:47:59";"2020-01-27 14:47:59"
1480;37;"Pickup";"2020-01-27 14:47:59";"2020-01-27 14:47:59"
1481;37;"Sierra";"2020-01-27 14:47:59";"2020-01-27 14:47:59"
1482;37;"Yukon";"2020-01-27 14:47:59";"2020-01-27 14:47:59"
1483;38;"Steed";"2020-01-27 14:47:59";"2020-01-27 14:47:59"
1484;39;"Commodore";"2020-01-27 14:47:59";"2020-01-27 14:47:59"
1485;39;"Maloo";"2020-01-27 14:47:59";"2020-01-27 14:47:59"
1486;39;"Ss";"2020-01-27 14:47:59";"2020-01-27 14:47:59"
1487;40;"Accord";"2020-01-27 14:47:59";"2020-01-27 14:47:59"
1488;40;"Civic";"2020-01-27 14:47:59";"2020-01-27 14:47:59"
1489;40;"CR-V";"2020-01-27 14:47:59";"2020-01-27 14:47:59"
1490;40;"CR-Z";"2020-01-27 14:47:59";"2020-01-27 14:47:59"
1491;40;"Crossroad";"2020-01-27 14:47:59";"2020-01-27 14:47:59"
1492;40;"Elysion";"2020-01-27 14:47:59";"2020-01-27 14:47:59"
1493;40;"FR-V";"2020-01-27 14:47:59";"2020-01-27 14:47:59"
1494;40;"HR-V";"2020-01-27 14:47:59";"2020-01-27 14:47:59"
1495;40;"Insight";"2020-01-27 14:47:59";"2020-01-27 14:47:59"
1496;40;"Integra";"2020-01-27 14:47:59";"2020-01-27 14:47:59"
1497;40;"Jazz";"2020-01-27 14:47:59";"2020-01-27 14:47:59"
1498;40;"Legend";"2020-01-27 14:47:59";"2020-01-27 14:47:59"
1499;40;"Mobilo";"2020-01-27 14:47:59";"2020-01-27 14:47:59"
1500;40;"Nsx";"2020-01-27 14:47:59";"2020-01-27 14:47:59"
1501;40;"Odyssey";"2020-01-27 14:47:59";"2020-01-27 14:47:59"
1502;40;"Prelude";"2020-01-27 14:47:59";"2020-01-27 14:47:59"
1503;40;"S2000";"2020-01-27 14:47:59";"2020-01-27 14:47:59"
1504;40;"Stepwagon";"2020-01-27 14:47:59";"2020-01-27 14:47:59"
1505;40;"Stream";"2020-01-27 14:47:59";"2020-01-27 14:47:59"
1506;41;"Hawk";"2020-01-27 14:47:59";"2020-01-27 14:47:59"
1507;42;"H1";"2020-01-27 14:47:59";"2020-01-27 14:47:59"
1508;42;"H2";"2020-01-27 14:47:59";"2020-01-27 14:47:59"
1509;42;"H3";"2020-01-27 14:47:59";"2020-01-27 14:47:59"
1510;43;"Accent";"2020-01-27 14:47:59";"2020-01-27 14:47:59"
1511;43;"Amica";"2020-01-27 14:47:59";"2020-01-27 14:47:59"
1512;43;"Coupe";"2020-01-27 14:47:59";"2020-01-27 14:47:59"
1513;43;"Elantra";"2020-01-27 14:47:59";"2020-01-27 14:47:59"
1514;43;"Genesis";"2020-01-27 14:47:59";"2020-01-27 14:47:59"
1515;43;"Getz";"2020-01-27 14:47:59";"2020-01-27 14:47:59"
1516;43;"I10";"2020-01-27 14:47:59";"2020-01-27 14:47:59"
1517;43;"I20";"2020-01-27 14:47:59";"2020-01-27 14:47:59"
1518;43;"I30";"2020-01-27 14:47:59";"2020-01-27 14:47:59"
1519;43;"I40";"2020-01-27 14:47:59";"2020-01-27 14:47:59"
1520;43;"I800";"2020-01-27 14:47:59";"2020-01-27 14:47:59"
1521;43;"Ioniq";"2020-01-27 14:47:59";"2020-01-27 14:47:59"
1522;43;"Ix20";"2020-01-27 14:47:59";"2020-01-27 14:47:59"
1523;43;"Ix35";"2020-01-27 14:47:59";"2020-01-27 14:47:59"
1524;43;"Kona";"2020-01-27 14:47:59";"2020-01-27 14:47:59"
1525;43;"Matrix";"2020-01-27 14:47:59";"2020-01-27 14:47:59"
1526;43;"S-Coupe";"2020-01-27 14:47:59";"2020-01-27 14:47:59"
1527;43;"Santa Fe";"2020-01-27 14:47:59";"2020-01-27 14:47:59"
1528;43;"Sonata";"2020-01-27 14:47:59";"2020-01-27 14:47:59"
1529;43;"Terracan";"2020-01-27 14:47:59";"2020-01-27 14:47:59"
1530;43;"Trajet";"2020-01-27 14:47:59";"2020-01-27 14:47:59"
1531;43;"Tucson";"2020-01-27 14:47:59";"2020-01-27 14:47:59"
1532;43;"Veloster";"2020-01-27 14:47:59";"2020-01-27 14:47:59"
1533;44;"Ex";"2020-01-27 14:47:59";"2020-01-27 14:47:59"
1534;44;"Fx";"2020-01-27 14:47:59";"2020-01-27 14:47:59"
1535;44;"G";"2020-01-27 14:47:59";"2020-01-27 14:47:59"
1536;44;"M";"2020-01-27 14:47:59";"2020-01-27 14:47:59"
1537;44;"Q30";"2020-01-27 14:47:59";"2020-01-27 14:47:59"
1538;44;"Q50";"2020-01-27 14:47:59";"2020-01-27 14:47:59"
1539;44;"Q60";"2020-01-27 14:47:59";"2020-01-27 14:47:59"
1540;44;"Q70";"2020-01-27 14:48:00";"2020-01-27 14:48:00"
1541;44;"Qx30";"2020-01-27 14:48:00";"2020-01-27 14:48:00"
1542;44;"Qx50";"2020-01-27 14:48:00";"2020-01-27 14:48:00"
1543;44;"Qx70";"2020-01-27 14:48:00";"2020-01-27 14:48:00"
1544;45;"D-max";"2020-01-27 14:48:00";"2020-01-27 14:48:00"
1545;45;"Gemini";"2020-01-27 14:48:00";"2020-01-27 14:48:00"
1546;45;"Rodeo";"2020-01-27 14:48:00";"2020-01-27 14:48:00"
1547;45;"TF";"2020-01-27 14:48:00";"2020-01-27 14:48:00"
1548;45;"Trooper";"2020-01-27 14:48:00";"2020-01-27 14:48:00"
1549;46;"C-Type";"2020-01-27 14:48:00";"2020-01-27 14:48:00"
1550;46;"E-Pace";"2020-01-27 14:48:00";"2020-01-27 14:48:00"
1551;46;"E-Type";"2020-01-27 14:48:00";"2020-01-27 14:48:00"
1552;46;"F-Pace";"2020-01-27 14:48:00";"2020-01-27 14:48:00"
1553;46;"F-Type";"2020-01-27 14:48:00";"2020-01-27 14:48:00"
1554;46;"I-Pace";"2020-01-27 14:48:00";"2020-01-27 14:48:00"
1555;46;"Mark II";"2020-01-27 14:48:00";"2020-01-27 14:48:00"
1556;46;"S-Type";"2020-01-27 14:48:00";"2020-01-27 14:48:00"
1557;46;"X-Type";"2020-01-27 14:48:00";"2020-01-27 14:48:00"
1558;46;"XE";"2020-01-27 14:48:00";"2020-01-27 14:48:00"
1559;46;"XF";"2020-01-27 14:48:00";"2020-01-27 14:48:00"
1560;46;"XJ";"2020-01-27 14:48:00";"2020-01-27 14:48:00"
1561;46;"XJ220";"2020-01-27 14:48:00";"2020-01-27 14:48:00"
1562;46;"XJR-S";"2020-01-27 14:48:00";"2020-01-27 14:48:00"
1563;46;"XJS";"2020-01-27 14:48:00";"2020-01-27 14:48:00"
1564;46;"XK";"2020-01-27 14:48:00";"2020-01-27 14:48:00"
1565;46;"XK120";"2020-01-27 14:48:00";"2020-01-27 14:48:00"
1566;46;"Xk150";"2020-01-27 14:48:00";"2020-01-27 14:48:00"
1567;46;"XK8";"2020-01-27 14:48:00";"2020-01-27 14:48:00"
1568;46;"XKR";"2020-01-27 14:48:00";"2020-01-27 14:48:00"
1569;46;"XKR-S";"2020-01-27 14:48:00";"2020-01-27 14:48:00"
1570;46;"XKSS";"2020-01-27 14:48:00";"2020-01-27 14:48:00"
1571;47;"Cherokee";"2020-01-27 14:48:00";"2020-01-27 14:48:00"
1572;47;"Commander";"2020-01-27 14:48:00";"2020-01-27 14:48:00"
1573;47;"Compass";"2020-01-27 14:48:00";"2020-01-27 14:48:00"
1574;47;"Grand Cherokee";"2020-01-27 14:48:00";"2020-01-27 14:48:00"
1575;47;"Patriot";"2020-01-27 14:48:00";"2020-01-27 14:48:00"
1576;47;"Renegade";"2020-01-27 14:48:00";"2020-01-27 14:48:00"
1577;47;"Wrangler";"2020-01-27 14:48:00";"2020-01-27 14:48:00"
1578;48;"Interceptor";"2020-01-27 14:48:00";"2020-01-27 14:48:00"
1579;49;"Carens";"2020-01-27 14:48:00";"2020-01-27 14:48:00"
1580;49;"Ceed";"2020-01-27 14:48:00";"2020-01-27 14:48:00"
1581;49;"Cerato";"2020-01-27 14:48:00";"2020-01-27 14:48:00"
1582;49;"Magentis";"2020-01-27 14:48:00";"2020-01-27 14:48:00"
1583;49;"Niro";"2020-01-27 14:48:00";"2020-01-27 14:48:00"
1584;49;"Optima";"2020-01-27 14:48:00";"2020-01-27 14:48:00"
1585;49;"Picanto";"2020-01-27 14:48:00";"2020-01-27 14:48:00"
1586;49;"Proceed";"2020-01-27 14:48:00";"2020-01-27 14:48:00"
1587;49;"Rio";"2020-01-27 14:48:00";"2020-01-27 14:48:00"
1588;49;"Sedona";"2020-01-27 14:48:00";"2020-01-27 14:48:00"
1589;49;"Sorento";"2020-01-27 14:48:00";"2020-01-27 14:48:00"
1590;49;"Soul";"2020-01-27 14:48:00";"2020-01-27 14:48:00"
1591;49;"Sportage";"2020-01-27 14:48:00";"2020-01-27 14:48:00"
1592;49;"Stinger";"2020-01-27 14:48:00";"2020-01-27 14:48:00"
1593;49;"Stonic";"2020-01-27 14:48:00";"2020-01-27 14:48:00"
1594;49;"Venga";"2020-01-27 14:48:00";"2020-01-27 14:48:00"
1595;49;"Xceed";"2020-01-27 14:48:00";"2020-01-27 14:48:00"
1596;50;"Ccx";"2020-01-27 14:48:00";"2020-01-27 14:48:00"
1597;52;"Aventador";"2020-01-27 14:48:00";"2020-01-27 14:48:00"
1598;52;"Countach";"2020-01-27 14:48:00";"2020-01-27 14:48:00"
1599;52;"Diablo";"2020-01-27 14:48:00";"2020-01-27 14:48:00"
1600;52;"Gallardo";"2020-01-27 14:48:00";"2020-01-27 14:48:00"
1601;52;"Huracan";"2020-01-27 14:48:00";"2020-01-27 14:48:00"
1602;52;"Jalpa";"2020-01-27 14:48:00";"2020-01-27 14:48:00"
1603;52;"Miura";"2020-01-27 14:48:00";"2020-01-27 14:48:00"
1604;52;"Murcielago";"2020-01-27 14:48:00";"2020-01-27 14:48:00"
1605;52;"Urus";"2020-01-27 14:48:00";"2020-01-27 14:48:00"
1606;53;"Beta";"2020-01-27 14:48:00";"2020-01-27 14:48:00"
1607;53;"Delta";"2020-01-27 14:48:00";"2020-01-27 14:48:00"
1608;53;"Gran Turismo";"2020-01-27 14:48:00";"2020-01-27 14:48:00"
1609;54;"110";"2020-01-27 14:48:00";"2020-01-27 14:48:00"
1610;54;"90";"2020-01-27 14:48:00";"2020-01-27 14:48:00"
1611;54;"Defender 110";"2020-01-27 14:48:00";"2020-01-27 14:48:00"
1612;54;"Defender 130";"2020-01-27 14:48:00";"2020-01-27 14:48:00"
1613;54;"Defender 90";"2020-01-27 14:48:00";"2020-01-27 14:48:00"
1614;54;"Defender Unspecified";"2020-01-27 14:48:00";"2020-01-27 14:48:00"
1615;54;"Discovery";"2020-01-27 14:48:00";"2020-01-27 14:48:00"
1616;54;"Discovery 3";"2020-01-27 14:48:00";"2020-01-27 14:48:00"
1617;54;"Discovery 4";"2020-01-27 14:48:00";"2020-01-27 14:48:00"
1618;54;"Discovery Sport";"2020-01-27 14:48:00";"2020-01-27 14:48:00"
1619;54;"Freelander";"2020-01-27 14:48:00";"2020-01-27 14:48:00"
1620;54;"Freelander 2";"2020-01-27 14:48:00";"2020-01-27 14:48:00"
1621;54;"Lightweight";"2020-01-27 14:48:00";"2020-01-27 14:48:00"
1622;54;"Modified";"2020-01-27 14:48:00";"2020-01-27 14:48:00"
1623;54;"Range Rover";"2020-01-27 14:48:00";"2020-01-27 14:48:00"
1624;54;"Range Rover Evoque";"2020-01-27 14:48:00";"2020-01-27 14:48:00"
1625;54;"Range Rover Sport";"2020-01-27 14:48:00";"2020-01-27 14:48:00"
1626;54;"Range Rover Velar";"2020-01-27 14:48:00";"2020-01-27 14:48:00"
1627;54;"Series I";"2020-01-27 14:48:00";"2020-01-27 14:48:00"
1628;54;"Series II";"2020-01-27 14:48:00";"2020-01-27 14:48:00"
1629;54;"Series III";"2020-01-27 14:48:00";"2020-01-27 14:48:00"
1630;55;"TX";"2020-01-27 14:48:00";"2020-01-27 14:48:00"
1631;56;"CT 200h";"2020-01-27 14:48:00";"2020-01-27 14:48:00"
1632;56;"ES 300h";"2020-01-27 14:48:00";"2020-01-27 14:48:00"
1633;56;"GS 250";"2020-01-27 14:48:00";"2020-01-27 14:48:00"
1634;56;"GS 300";"2020-01-27 14:48:00";"2020-01-27 14:48:00"
1635;56;"GS 430";"2020-01-27 14:48:00";"2020-01-27 14:48:00"
1636;56;"GS 450h";"2020-01-27 14:48:00";"2020-01-27 14:48:00"
1637;56;"GS 460";"2020-01-27 14:48:00";"2020-01-27 14:48:00"
1638;56;"GS Unspecified";"2020-01-27 14:48:00";"2020-01-27 14:48:00"
1639;56;"IS 200";"2020-01-27 14:48:00";"2020-01-27 14:48:00"
1640;56;"IS 220d";"2020-01-27 14:48:00";"2020-01-27 14:48:00"
1641;56;"IS 250";"2020-01-27 14:48:00";"2020-01-27 14:48:00"
1642;56;"IS 300";"2020-01-27 14:48:00";"2020-01-27 14:48:00"
1643;56;"IS F";"2020-01-27 14:48:00";"2020-01-27 14:48:00"
1644;56;"IS Unspecified";"2020-01-27 14:48:00";"2020-01-27 14:48:00"
1645;56;"LC 500";"2020-01-27 14:48:00";"2020-01-27 14:48:00"
1646;56;"LS 400";"2020-01-27 14:48:00";"2020-01-27 14:48:00"
1647;56;"LS 430";"2020-01-27 14:48:00";"2020-01-27 14:48:00"
1648;56;"LS 460";"2020-01-27 14:48:00";"2020-01-27 14:48:00"
1649;56;"LS 500h";"2020-01-27 14:48:00";"2020-01-27 14:48:00"
1650;56;"LS 600h";"2020-01-27 14:48:00";"2020-01-27 14:48:00"
1651;56;"LS Unspecified";"2020-01-27 14:48:00";"2020-01-27 14:48:00"
1652;56;"NX 200t";"2020-01-27 14:48:00";"2020-01-27 14:48:00"
1653;56;"NX 300h";"2020-01-27 14:48:00";"2020-01-27 14:48:00"
1654;56;"NX Unspecified";"2020-01-27 14:48:00";"2020-01-27 14:48:00"
1655;56;"RC 200t";"2020-01-27 14:48:00";"2020-01-27 14:48:00"
1656;56;"RC 300h";"2020-01-27 14:48:00";"2020-01-27 14:48:00"
1657;56;"RC F";"2020-01-27 14:48:00";"2020-01-27 14:48:00"
1658;56;"RX 200t";"2020-01-27 14:48:00";"2020-01-27 14:48:00"
1659;56;"RX 300";"2020-01-27 14:48:00";"2020-01-27 14:48:00"
1660;56;"RX 350";"2020-01-27 14:48:00";"2020-01-27 14:48:00"
1661;56;"RX 400h";"2020-01-27 14:48:00";"2020-01-27 14:48:00"
1662;56;"RX 450h";"2020-01-27 14:48:00";"2020-01-27 14:48:00"
1663;56;"RX L 450h";"2020-01-27 14:48:00";"2020-01-27 14:48:00"
1664;56;"RX Unspecified";"2020-01-27 14:48:00";"2020-01-27 14:48:00"
1665;56;"SC 430";"2020-01-27 14:48:00";"2020-01-27 14:48:00"
1666;56;"UX 250h";"2020-01-27 14:48:00";"2020-01-27 14:48:00"
1667;57;"Mini";"2020-01-27 14:48:00";"2020-01-27 14:48:00"
1668;58;"Aviator";"2020-01-27 14:48:00";"2020-01-27 14:48:00"
1669;58;"MKX";"2020-01-27 14:48:00";"2020-01-27 14:48:00"
1670;58;"Navigator";"2020-01-27 14:48:00";"2020-01-27 14:48:00"
1671;58;"Town Car";"2020-01-27 14:48:00";"2020-01-27 14:48:00"
1672;59;"TX4";"2020-01-27 14:48:00";"2020-01-27 14:48:00"
1673;59;"TXII";"2020-01-27 14:48:00";"2020-01-27 14:48:00"
1674;60;"3-eleven";"2020-01-27 14:48:00";"2020-01-27 14:48:00"
1675;60;"340r";"2020-01-27 14:48:00";"2020-01-27 14:48:00"
1676;60;"Eclat";"2020-01-27 14:48:00";"2020-01-27 14:48:00"
1677;60;"Elan";"2020-01-27 14:48:00";"2020-01-27 14:48:00"
1678;60;"Elise";"2020-01-27 14:48:00";"2020-01-27 14:48:00"
1679;60;"Elise S";"2020-01-27 14:48:00";"2020-01-27 14:48:00"
1680;60;"Esprit";"2020-01-27 14:48:00";"2020-01-27 14:48:00"
1681;60;"Europa";"2020-01-27 14:48:00";"2020-01-27 14:48:00"
1682;60;"Evora";"2020-01-27 14:48:00";"2020-01-27 14:48:00"
1683;60;"Exige";"2020-01-27 14:48:00";"2020-01-27 14:48:00"
1684;60;"Seven";"2020-01-27 14:48:00";"2020-01-27 14:48:00"
1685;61;"3200";"2020-01-27 14:48:00";"2020-01-27 14:48:00"
1686;61;"4200";"2020-01-27 14:48:00";"2020-01-27 14:48:00"
1687;61;"Biturbo";"2020-01-27 14:48:00";"2020-01-27 14:48:00"
1688;61;"Coupe";"2020-01-27 14:48:00";"2020-01-27 14:48:00"
1689;61;"Ghibli";"2020-01-27 14:48:01";"2020-01-27 14:48:01"
1690;61;"Grancabrio";"2020-01-27 14:48:01";"2020-01-27 14:48:01"
1691;61;"Gransport";"2020-01-27 14:48:01";"2020-01-27 14:48:01"
1692;61;"Granturismo";"2020-01-27 14:48:01";"2020-01-27 14:48:01"
1693;61;"Indy";"2020-01-27 14:48:01";"2020-01-27 14:48:01"
1694;61;"Levante";"2020-01-27 14:48:01";"2020-01-27 14:48:01"
1695;61;"Merak";"2020-01-27 14:48:01";"2020-01-27 14:48:01"
1696;61;"Quattroporte";"2020-01-27 14:48:01";"2020-01-27 14:48:01"
1697;61;"Shamal";"2020-01-27 14:48:01";"2020-01-27 14:48:01"
1698;61;"Spyder";"2020-01-27 14:48:01";"2020-01-27 14:48:01"
1699;62;"57";"2020-01-27 14:48:01";"2020-01-27 14:48:01"
1700;62;"62";"2020-01-27 14:48:01";"2020-01-27 14:48:01"
1701;63;"121";"2020-01-27 14:48:01";"2020-01-27 14:48:01"
1702;63;"323";"2020-01-27 14:48:01";"2020-01-27 14:48:01"
1703;63;"626";"2020-01-27 14:48:01";"2020-01-27 14:48:01"
1704;63;"B2500";"2020-01-27 14:48:01";"2020-01-27 14:48:01"
1705;63;"Bongo";"2020-01-27 14:48:01";"2020-01-27 14:48:01"
1706;63;"BT-50";"2020-01-27 14:48:01";"2020-01-27 14:48:01"
1707;63;"CX-3";"2020-01-27 14:48:01";"2020-01-27 14:48:01"
1708;63;"CX-30";"2020-01-27 14:48:01";"2020-01-27 14:48:01"
1709;63;"CX-5";"2020-01-27 14:48:01";"2020-01-27 14:48:01"
1710;63;"CX-7";"2020-01-27 14:48:01";"2020-01-27 14:48:01"
1711;63;"Demio";"2020-01-27 14:48:01";"2020-01-27 14:48:01"
1712;63;"Eunos";"2020-01-27 14:48:01";"2020-01-27 14:48:01"
1713;63;"Mazda2";"2020-01-27 14:48:01";"2020-01-27 14:48:01"
1714;63;"Mazda3";"2020-01-27 14:48:01";"2020-01-27 14:48:01"
1715;63;"Mazda5";"2020-01-27 14:48:01";"2020-01-27 14:48:01"
1716;63;"Mazda6";"2020-01-27 14:48:01";"2020-01-27 14:48:01"
1717;63;"MX-3";"2020-01-27 14:48:01";"2020-01-27 14:48:01"
1718;63;"MX-5";"2020-01-27 14:48:01";"2020-01-27 14:48:01"
1719;63;"MX-5 RF";"2020-01-27 14:48:01";"2020-01-27 14:48:01"
1720;63;"MX-6";"2020-01-27 14:48:01";"2020-01-27 14:48:01"
1721;63;"Premacy";"2020-01-27 14:48:01";"2020-01-27 14:48:01"
1722;63;"RX-7";"2020-01-27 14:48:01";"2020-01-27 14:48:01"
1723;63;"RX-8";"2020-01-27 14:48:01";"2020-01-27 14:48:01"
1724;63;"Tribute";"2020-01-27 14:48:01";"2020-01-27 14:48:01"
1725;64;"12c";"2020-01-27 14:48:01";"2020-01-27 14:48:01"
1726;64;"540c";"2020-01-27 14:48:01";"2020-01-27 14:48:01"
1727;64;"570gt";"2020-01-27 14:48:01";"2020-01-27 14:48:01"
1728;64;"570s";"2020-01-27 14:48:01";"2020-01-27 14:48:01"
1729;64;"600lt";"2020-01-27 14:48:01";"2020-01-27 14:48:01"
1730;64;"650s";"2020-01-27 14:48:01";"2020-01-27 14:48:01"
1731;64;"675lt";"2020-01-27 14:48:01";"2020-01-27 14:48:01"
1732;64;"720s";"2020-01-27 14:48:01";"2020-01-27 14:48:01"
1733;64;"P1";"2020-01-27 14:48:01";"2020-01-27 14:48:01"
1734;64;"Senna";"2020-01-27 14:48:01";"2020-01-27 14:48:01"
1735;65;"190";"2020-01-27 14:48:01";"2020-01-27 14:48:01"
1736;65;"190 Sl";"2020-01-27 14:48:01";"2020-01-27 14:48:01"
1737;65;"200";"2020-01-27 14:48:01";"2020-01-27 14:48:01"
1738;65;"220";"2020-01-27 14:48:01";"2020-01-27 14:48:01"
1739;65;"230";"2020-01-27 14:48:01";"2020-01-27 14:48:01"
1740;65;"250";"2020-01-27 14:48:01";"2020-01-27 14:48:01"
1741;65;"260";"2020-01-27 14:48:01";"2020-01-27 14:48:01"
1742;65;"280";"2020-01-27 14:48:01";"2020-01-27 14:48:01"
1743;65;"300";"2020-01-27 14:48:01";"2020-01-27 14:48:01"
1744;65;"320";"2020-01-27 14:48:01";"2020-01-27 14:48:01"
1745;65;"350";"2020-01-27 14:48:01";"2020-01-27 14:48:01"
1746;65;"380";"2020-01-27 14:48:01";"2020-01-27 14:48:01"
1747;65;"420";"2020-01-27 14:48:01";"2020-01-27 14:48:01"
1748;65;"450";"2020-01-27 14:48:01";"2020-01-27 14:48:01"
1749;65;"500";"2020-01-27 14:48:01";"2020-01-27 14:48:01"
1750;65;"560";"2020-01-27 14:48:01";"2020-01-27 14:48:01"
1751;65;"A Class";"2020-01-27 14:48:01";"2020-01-27 14:48:01"
1752;65;"Amg";"2020-01-27 14:48:01";"2020-01-27 14:48:01"
1753;65;"Amg Gt";"2020-01-27 14:48:01";"2020-01-27 14:48:01"
1754;65;"B Class";"2020-01-27 14:48:01";"2020-01-27 14:48:01"
1755;65;"C Class";"2020-01-27 14:48:01";"2020-01-27 14:48:01"
1756;65;"Ce Class";"2020-01-27 14:48:01";"2020-01-27 14:48:01"
1757;65;"Citan";"2020-01-27 14:48:01";"2020-01-27 14:48:01"
1758;65;"CL";"2020-01-27 14:48:01";"2020-01-27 14:48:01"
1759;65;"CLA Class";"2020-01-27 14:48:01";"2020-01-27 14:48:01"
1760;65;"CLC Class";"2020-01-27 14:48:01";"2020-01-27 14:48:01"
1761;65;"CLK";"2020-01-27 14:48:01";"2020-01-27 14:48:01"
1762;65;"CLS";"2020-01-27 14:48:01";"2020-01-27 14:48:01"
1763;65;"E Class";"2020-01-27 14:48:01";"2020-01-27 14:48:01"
1764;65;"EQC";"2020-01-27 14:48:01";"2020-01-27 14:48:01"
1765;65;"G Class";"2020-01-27 14:48:01";"2020-01-27 14:48:01"
1766;65;"GL Class";"2020-01-27 14:48:01";"2020-01-27 14:48:01"
1767;65;"GLA Class";"2020-01-27 14:48:01";"2020-01-27 14:48:01"
1768;65;"GLB Class";"2020-01-27 14:48:01";"2020-01-27 14:48:01"
1769;65;"GLC Class";"2020-01-27 14:48:01";"2020-01-27 14:48:01"
1770;65;"GLE Class";"2020-01-27 14:48:01";"2020-01-27 14:48:01"
1771;65;"GLS Class";"2020-01-27 14:48:01";"2020-01-27 14:48:01"
1772;65;"M Class";"2020-01-27 14:48:01";"2020-01-27 14:48:01"
1773;65;"Maybach S Class";"2020-01-27 14:48:01";"2020-01-27 14:48:01"
1774;65;"R Class";"2020-01-27 14:48:01";"2020-01-27 14:48:01"
1775;65;"S Class";"2020-01-27 14:48:01";"2020-01-27 14:48:01"
1776;65;"SEC Series";"2020-01-27 14:48:01";"2020-01-27 14:48:01"
1777;65;"SL Class";"2020-01-27 14:48:01";"2020-01-27 14:48:01"
1778;65;"SLC";"2020-01-27 14:48:01";"2020-01-27 14:48:01"
1779;65;"SLK";"2020-01-27 14:48:01";"2020-01-27 14:48:01"
1780;65;"SLR Mclaren";"2020-01-27 14:48:01";"2020-01-27 14:48:01"
1781;65;"SLS";"2020-01-27 14:48:01";"2020-01-27 14:48:01"
1782;65;"Sprinter";"2020-01-27 14:48:01";"2020-01-27 14:48:01"
1783;65;"V Class";"2020-01-27 14:48:01";"2020-01-27 14:48:01"
1784;65;"Vaneo";"2020-01-27 14:48:01";"2020-01-27 14:48:01"
1785;65;"Viano";"2020-01-27 14:48:01";"2020-01-27 14:48:01"
1786;65;"Vito";"2020-01-27 14:48:01";"2020-01-27 14:48:01"
1787;65;"X Class";"2020-01-27 14:48:01";"2020-01-27 14:48:01"
1788;66;"1300";"2020-01-27 14:48:01";"2020-01-27 14:48:01"
1789;66;"Gs";"2020-01-27 14:48:01";"2020-01-27 14:48:01"
1790;66;"Metro";"2020-01-27 14:48:01";"2020-01-27 14:48:01"
1791;66;"Mg Hs";"2020-01-27 14:48:01";"2020-01-27 14:48:01"
1792;66;"Mg3";"2020-01-27 14:48:01";"2020-01-27 14:48:01"
1793;66;"Mg6";"2020-01-27 14:48:01";"2020-01-27 14:48:01"
1794;66;"Mgb";"2020-01-27 14:48:01";"2020-01-27 14:48:01"
1795;66;"Mgb Gt";"2020-01-27 14:48:01";"2020-01-27 14:48:01"
1796;66;"Mgc";"2020-01-27 14:48:01";"2020-01-27 14:48:01"
1797;66;"Mgf";"2020-01-27 14:48:01";"2020-01-27 14:48:01"
1798;66;"Midget";"2020-01-27 14:48:01";"2020-01-27 14:48:01"
1799;66;"Rv8";"2020-01-27 14:48:01";"2020-01-27 14:48:01"
1800;66;"Tc";"2020-01-27 14:48:01";"2020-01-27 14:48:01"
1801;66;"Td";"2020-01-27 14:48:01";"2020-01-27 14:48:01"
1802;66;"Tf";"2020-01-27 14:48:01";"2020-01-27 14:48:01"
1803;66;"Xpower";"2020-01-27 14:48:01";"2020-01-27 14:48:01"
1804;66;"Zr";"2020-01-27 14:48:01";"2020-01-27 14:48:01"
1805;66;"Zs";"2020-01-27 14:48:01";"2020-01-27 14:48:01"
1806;66;"Zt";"2020-01-27 14:48:01";"2020-01-27 14:48:01"
1807;66;"Zt-t";"2020-01-27 14:48:01";"2020-01-27 14:48:01"
1808;67;"M.go";"2020-01-27 14:48:01";"2020-01-27 14:48:01"
1809;68;"Clubman";"2020-01-27 14:48:01";"2020-01-27 14:48:01"
1810;68;"Clubvan";"2020-01-27 14:48:01";"2020-01-27 14:48:01"
1811;68;"Convertible";"2020-01-27 14:48:01";"2020-01-27 14:48:01"
1812;68;"Countryman";"2020-01-27 14:48:01";"2020-01-27 14:48:01"
1813;68;"Coupe";"2020-01-27 14:48:01";"2020-01-27 14:48:01"
1814;68;"Hatch";"2020-01-27 14:48:01";"2020-01-27 14:48:01"
1815;68;"Paceman";"2020-01-27 14:48:01";"2020-01-27 14:48:01"
1816;68;"Roadster";"2020-01-27 14:48:01";"2020-01-27 14:48:01"
1817;68;"Unspecified";"2020-01-27 14:48:01";"2020-01-27 14:48:01"
1818;69;"3000gt";"2020-01-27 14:48:01";"2020-01-27 14:48:01"
1819;69;"Airtrek";"2020-01-27 14:48:01";"2020-01-27 14:48:01"
1820;69;"Asx";"2020-01-27 14:48:01";"2020-01-27 14:48:01"
1821;69;"Carisma";"2020-01-27 14:48:01";"2020-01-27 14:48:01"
1822;69;"Challenger";"2020-01-27 14:48:01";"2020-01-27 14:48:01"
1823;69;"Colt";"2020-01-27 14:48:01";"2020-01-27 14:48:01"
1824;69;"Colt Cabriolet";"2020-01-27 14:48:01";"2020-01-27 14:48:01"
1825;69;"Delica";"2020-01-27 14:48:01";"2020-01-27 14:48:01"
1826;69;"Eclipse";"2020-01-27 14:48:01";"2020-01-27 14:48:01"
1827;69;"Eclipse Cross";"2020-01-27 14:48:01";"2020-01-27 14:48:01"
1828;69;"Fto";"2020-01-27 14:48:01";"2020-01-27 14:48:01"
1829;69;"Grandis";"2020-01-27 14:48:01";"2020-01-27 14:48:01"
1830;69;"Gto";"2020-01-27 14:48:01";"2020-01-27 14:48:01"
1831;69;"I";"2020-01-27 14:48:01";"2020-01-27 14:48:01"
1832;69;"I-miev";"2020-01-27 14:48:01";"2020-01-27 14:48:01"
1833;69;"Jeep J-series";"2020-01-27 14:48:01";"2020-01-27 14:48:01"
1834;69;"L200";"2020-01-27 14:48:01";"2020-01-27 14:48:01"
1835;69;"Lancer";"2020-01-27 14:48:01";"2020-01-27 14:48:01"
1836;69;"Mirage";"2020-01-27 14:48:01";"2020-01-27 14:48:01"
1837;69;"Outlander";"2020-01-27 14:48:01";"2020-01-27 14:48:01"
1838;69;"Pajero";"2020-01-27 14:48:01";"2020-01-27 14:48:01"
1839;69;"Pajero Mini";"2020-01-27 14:48:01";"2020-01-27 14:48:01"
1840;69;"Rvr";"2020-01-27 14:48:01";"2020-01-27 14:48:01"
1841;69;"Shogun";"2020-01-27 14:48:02";"2020-01-27 14:48:02"
1842;69;"Shogun Pinin";"2020-01-27 14:48:02";"2020-01-27 14:48:02"
1843;69;"Shogun Sport";"2020-01-27 14:48:02";"2020-01-27 14:48:02"
1844;69;"Space Star";"2020-01-27 14:48:02";"2020-01-27 14:48:02"
1845;70;"3 Wheeler";"2020-01-27 14:48:02";"2020-01-27 14:48:02"
1846;70;"4/4";"2020-01-27 14:48:02";"2020-01-27 14:48:02"
1847;70;"Aero";"2020-01-27 14:48:02";"2020-01-27 14:48:02"
1848;70;"Plus 4";"2020-01-27 14:48:02";"2020-01-27 14:48:02"
1849;70;"Plus 8";"2020-01-27 14:48:02";"2020-01-27 14:48:02"
1850;70;"Roadster";"2020-01-27 14:48:02";"2020-01-27 14:48:02"
1851;71;"Ital";"2020-01-27 14:48:02";"2020-01-27 14:48:02"
1852;71;"Mini";"2020-01-27 14:48:02";"2020-01-27 14:48:02"
1853;71;"Minor";"2020-01-27 14:48:02";"2020-01-27 14:48:02"
1854;71;"Oxford";"2020-01-27 14:48:02";"2020-01-27 14:48:02"
1855;72;"200";"2020-01-27 14:48:02";"2020-01-27 14:48:02"
1856;72;"300";"2020-01-27 14:48:02";"2020-01-27 14:48:02"
1857;72;"350 Z";"2020-01-27 14:48:02";"2020-01-27 14:48:02"
1858;72;"370 Z";"2020-01-27 14:48:02";"2020-01-27 14:48:02"
1859;72;"Almera";"2020-01-27 14:48:02";"2020-01-27 14:48:02"
1860;72;"Almera Tino";"2020-01-27 14:48:02";"2020-01-27 14:48:02"
1861;72;"Bluebird";"2020-01-27 14:48:02";"2020-01-27 14:48:02"
1862;72;"Cube";"2020-01-27 14:48:02";"2020-01-27 14:48:02"
1863;72;"Cubic";"2020-01-27 14:48:02";"2020-01-27 14:48:02"
1864;72;"E-nv200";"2020-01-27 14:48:02";"2020-01-27 14:48:02"
1865;72;"Elgrand";"2020-01-27 14:48:02";"2020-01-27 14:48:02"
1866;72;"Env200 Evalia";"2020-01-27 14:48:02";"2020-01-27 14:48:02"
1867;72;"Fairlady";"2020-01-27 14:48:02";"2020-01-27 14:48:02"
1868;72;"Figaro";"2020-01-27 14:48:02";"2020-01-27 14:48:02"
1869;72;"Gt-r";"2020-01-27 14:48:02";"2020-01-27 14:48:02"
1870;72;"Juke";"2020-01-27 14:48:02";"2020-01-27 14:48:02"
1871;72;"Largo";"2020-01-27 14:48:02";"2020-01-27 14:48:02"
1872;72;"Leaf";"2020-01-27 14:48:02";"2020-01-27 14:48:02"
1873;72;"Micra";"2020-01-27 14:48:02";"2020-01-27 14:48:02"
1874;72;"Micra C+c";"2020-01-27 14:48:02";"2020-01-27 14:48:02"
1875;72;"Mistral";"2020-01-27 14:48:02";"2020-01-27 14:48:02"
1876;72;"Murano";"2020-01-27 14:48:02";"2020-01-27 14:48:02"
1877;72;"Navara";"2020-01-27 14:48:02";"2020-01-27 14:48:02"
1878;72;"Note";"2020-01-27 14:48:02";"2020-01-27 14:48:02"
1879;72;"Nv200";"2020-01-27 14:48:02";"2020-01-27 14:48:02"
1880;72;"Nv250";"2020-01-27 14:48:02";"2020-01-27 14:48:02"
1881;72;"Nv300";"2020-01-27 14:48:02";"2020-01-27 14:48:02"
1882;72;"Pathfinder";"2020-01-27 14:48:02";"2020-01-27 14:48:02"
1883;72;"Patrol";"2020-01-27 14:48:02";"2020-01-27 14:48:02"
1884;72;"Patrol Gr";"2020-01-27 14:48:02";"2020-01-27 14:48:02"
1885;72;"Pickup";"2020-01-27 14:48:02";"2020-01-27 14:48:02"
1886;72;"Pixo";"2020-01-27 14:48:02";"2020-01-27 14:48:02"
1887;72;"President";"2020-01-27 14:48:02";"2020-01-27 14:48:02"
1888;72;"Primera";"2020-01-27 14:48:02";"2020-01-27 14:48:02"
1889;72;"Pulsar";"2020-01-27 14:48:02";"2020-01-27 14:48:02"
1890;72;"Qashqai";"2020-01-27 14:48:02";"2020-01-27 14:48:02"
1891;72;"Qashqai+2";"2020-01-27 14:48:02";"2020-01-27 14:48:02"
1892;72;"Serena";"2020-01-27 14:48:02";"2020-01-27 14:48:02"
1893;72;"Skyline";"2020-01-27 14:48:02";"2020-01-27 14:48:02"
1894;72;"Stagea";"2020-01-27 14:48:02";"2020-01-27 14:48:02"
1895;72;"Terrano";"2020-01-27 14:48:02";"2020-01-27 14:48:02"
1896;72;"Terrano Ii";"2020-01-27 14:48:02";"2020-01-27 14:48:02"
1897;72;"Tiida";"2020-01-27 14:48:02";"2020-01-27 14:48:02"
1898;72;"X-trail";"2020-01-27 14:48:02";"2020-01-27 14:48:02"
1899;73;"M12";"2020-01-27 14:48:02";"2020-01-27 14:48:02"
1900;73;"M600";"2020-01-27 14:48:02";"2020-01-27 14:48:02"
1901;74;"Astra";"2020-01-27 14:48:02";"2020-01-27 14:48:02"
1902;74;"Corsa";"2020-01-27 14:48:02";"2020-01-27 14:48:02"
1903;74;"Insignia";"2020-01-27 14:48:02";"2020-01-27 14:48:02"
1904;74;"Manta";"2020-01-27 14:48:02";"2020-01-27 14:48:02"
1905;74;"Zafira";"2020-01-27 14:48:02";"2020-01-27 14:48:02"
1906;75;"Kelisa";"2020-01-27 14:48:02";"2020-01-27 14:48:02"
1907;75;"Myvi";"2020-01-27 14:48:02";"2020-01-27 14:48:02"
1908;76;"1007";"2020-01-27 14:48:02";"2020-01-27 14:48:02"
1909;76;"106";"2020-01-27 14:48:02";"2020-01-27 14:48:02"
1910;76;"107";"2020-01-27 14:48:02";"2020-01-27 14:48:02"
1911;76;"108";"2020-01-27 14:48:02";"2020-01-27 14:48:02"
1912;76;"2008";"2020-01-27 14:48:02";"2020-01-27 14:48:02"
1913;76;"205";"2020-01-27 14:48:02";"2020-01-27 14:48:02"
1914;76;"206";"2020-01-27 14:48:02";"2020-01-27 14:48:02"
1915;76;"206 Cc";"2020-01-27 14:48:02";"2020-01-27 14:48:02"
1916;76;"206 Sw";"2020-01-27 14:48:02";"2020-01-27 14:48:02"
1917;76;"207";"2020-01-27 14:48:02";"2020-01-27 14:48:02"
1918;76;"207 Cc";"2020-01-27 14:48:02";"2020-01-27 14:48:02"
1919;76;"207 Sw";"2020-01-27 14:48:02";"2020-01-27 14:48:02"
1920;76;"208";"2020-01-27 14:48:02";"2020-01-27 14:48:02"
1921;76;"3008";"2020-01-27 14:48:02";"2020-01-27 14:48:02"
1922;76;"306";"2020-01-27 14:48:02";"2020-01-27 14:48:02"
1923;76;"307";"2020-01-27 14:48:02";"2020-01-27 14:48:02"
1924;76;"307 Cc";"2020-01-27 14:48:02";"2020-01-27 14:48:02"
1925;76;"307 Sw";"2020-01-27 14:48:02";"2020-01-27 14:48:02"
1926;76;"308";"2020-01-27 14:48:02";"2020-01-27 14:48:02"
1927;76;"308 Cc";"2020-01-27 14:48:02";"2020-01-27 14:48:02"
1928;76;"308 Sw";"2020-01-27 14:48:02";"2020-01-27 14:48:02"
1929;76;"309";"2020-01-27 14:48:02";"2020-01-27 14:48:02"
1930;76;"4007";"2020-01-27 14:48:02";"2020-01-27 14:48:02"
1931;76;"406";"2020-01-27 14:48:02";"2020-01-27 14:48:02"
1932;76;"407";"2020-01-27 14:48:02";"2020-01-27 14:48:02"
1933;76;"407 Sw";"2020-01-27 14:48:02";"2020-01-27 14:48:02"
1934;76;"5008";"2020-01-27 14:48:02";"2020-01-27 14:48:02"
1935;76;"508";"2020-01-27 14:48:02";"2020-01-27 14:48:02"
1936;76;"508 Sw";"2020-01-27 14:48:02";"2020-01-27 14:48:02"
1937;76;"607";"2020-01-27 14:48:02";"2020-01-27 14:48:02"
1938;76;"807";"2020-01-27 14:48:02";"2020-01-27 14:48:02"
1939;76;"Bipper Tepee";"2020-01-27 14:48:02";"2020-01-27 14:48:02"
1940;76;"Boxer";"2020-01-27 14:48:02";"2020-01-27 14:48:02"
1941;76;"Expert";"2020-01-27 14:48:02";"2020-01-27 14:48:02"
1942;76;"Expert Tepee";"2020-01-27 14:48:02";"2020-01-27 14:48:02"
1943;76;"Ion";"2020-01-27 14:48:02";"2020-01-27 14:48:02"
1944;76;"Partner";"2020-01-27 14:48:02";"2020-01-27 14:48:02"
1945;76;"Partner Tepee";"2020-01-27 14:48:02";"2020-01-27 14:48:02"
1946;76;"Rcz";"2020-01-27 14:48:02";"2020-01-27 14:48:02"
1947;76;"Rifter";"2020-01-27 14:48:02";"2020-01-27 14:48:02"
1948;76;"Traveller";"2020-01-27 14:48:02";"2020-01-27 14:48:02"
1949;77;"3000";"2020-01-27 14:48:02";"2020-01-27 14:48:02"
1950;78;"Prowler";"2020-01-27 14:48:02";"2020-01-27 14:48:02"
1951;79;"Firebird";"2020-01-27 14:48:02";"2020-01-27 14:48:02"
1952;80;"356";"2020-01-27 14:48:02";"2020-01-27 14:48:02"
1953;80;"550 Spyder";"2020-01-27 14:48:02";"2020-01-27 14:48:02"
1954;80;"718 Boxster";"2020-01-27 14:48:02";"2020-01-27 14:48:02"
1955;80;"718 Cayman";"2020-01-27 14:48:02";"2020-01-27 14:48:02"
1956;80;"718 Spyder";"2020-01-27 14:48:02";"2020-01-27 14:48:02"
1957;80;"911";"2020-01-27 14:48:02";"2020-01-27 14:48:02"
1958;80;"918";"2020-01-27 14:48:02";"2020-01-27 14:48:02"
1959;80;"924";"2020-01-27 14:48:02";"2020-01-27 14:48:02"
1960;80;"928";"2020-01-27 14:48:02";"2020-01-27 14:48:02"
1961;80;"944";"2020-01-27 14:48:02";"2020-01-27 14:48:02"
1962;80;"968";"2020-01-27 14:48:02";"2020-01-27 14:48:02"
1963;80;"Boxster";"2020-01-27 14:48:02";"2020-01-27 14:48:02"
1964;80;"Carrera Gt";"2020-01-27 14:48:02";"2020-01-27 14:48:02"
1965;80;"Cayenne";"2020-01-27 14:48:02";"2020-01-27 14:48:02"
1966;80;"Cayman";"2020-01-27 14:48:02";"2020-01-27 14:48:02"
1967;80;"Macan";"2020-01-27 14:48:02";"2020-01-27 14:48:02"
1968;80;"Panamera";"2020-01-27 14:48:02";"2020-01-27 14:48:02"
1969;81;"Gen-2";"2020-01-27 14:48:02";"2020-01-27 14:48:02"
1970;81;"Satria";"2020-01-27 14:48:02";"2020-01-27 14:48:02"
1971;81;"Satria Neo";"2020-01-27 14:48:02";"2020-01-27 14:48:02"
1972;81;"Savvy";"2020-01-27 14:48:02";"2020-01-27 14:48:02"
1973;81;"Wira";"2020-01-27 14:48:02";"2020-01-27 14:48:02"
1974;82;"Sr3";"2020-01-27 14:48:02";"2020-01-27 14:48:02"
1975;83;"Falcrum";"2020-01-27 14:48:02";"2020-01-27 14:48:02"
1976;84;"Lx";"2020-01-27 14:48:02";"2020-01-27 14:48:02"
1977;84;"Rialto";"2020-01-27 14:48:02";"2020-01-27 14:48:02"
1978;85;"21";"2020-01-27 14:48:02";"2020-01-27 14:48:02"
1979;85;"5";"2020-01-27 14:48:02";"2020-01-27 14:48:02"
1980;85;"Alpine";"2020-01-27 14:48:02";"2020-01-27 14:48:02"
1981;85;"Captur";"2020-01-27 14:48:02";"2020-01-27 14:48:02"
1982;85;"Clio";"2020-01-27 14:48:02";"2020-01-27 14:48:02"
1983;85;"Espace";"2020-01-27 14:48:02";"2020-01-27 14:48:02"
1984;85;"Fluence";"2020-01-27 14:48:02";"2020-01-27 14:48:02"
1985;85;"Grand Espace";"2020-01-27 14:48:02";"2020-01-27 14:48:02"
1986;85;"Grand Modus";"2020-01-27 14:48:02";"2020-01-27 14:48:02"
1987;85;"Grand Scenic";"2020-01-27 14:48:02";"2020-01-27 14:48:02"
1988;85;"Kadjar";"2020-01-27 14:48:02";"2020-01-27 14:48:02"
1989;85;"Kangoo";"2020-01-27 14:48:02";"2020-01-27 14:48:02"
1990;85;"Kangoo Maxi";"2020-01-27 14:48:02";"2020-01-27 14:48:02"
1991;85;"Koleos";"2020-01-27 14:48:02";"2020-01-27 14:48:02"
1992;85;"Laguna";"2020-01-27 14:48:02";"2020-01-27 14:48:02"
1993;85;"Master";"2020-01-27 14:48:02";"2020-01-27 14:48:02"
1994;85;"Megane";"2020-01-27 14:48:02";"2020-01-27 14:48:02"
1995;85;"Modus";"2020-01-27 14:48:03";"2020-01-27 14:48:03"
1996;85;"Scenic";"2020-01-27 14:48:03";"2020-01-27 14:48:03"
1997;85;"Scenic Xmod";"2020-01-27 14:48:03";"2020-01-27 14:48:03"
1998;85;"Trafic";"2020-01-27 14:48:03";"2020-01-27 14:48:03"
1999;85;"Twingo";"2020-01-27 14:48:03";"2020-01-27 14:48:03"
2000;85;"Vel Satis";"2020-01-27 14:48:03";"2020-01-27 14:48:03"
2001;85;"Wind";"2020-01-27 14:48:03";"2020-01-27 14:48:03"
2002;85;"Zoe";"2020-01-27 14:48:03";"2020-01-27 14:48:03"
2003;86;"Cobra";"2020-01-27 14:48:03";"2020-01-27 14:48:03"
2004;87;"G-wiz";"2020-01-27 14:48:03";"2020-01-27 14:48:03"
2005;88;"Rm Series";"2020-01-27 14:48:03";"2020-01-27 14:48:03"
2006;89;"25/30";"2020-01-27 14:48:03";"2020-01-27 14:48:03"
2007;89;"Corniche";"2020-01-27 14:48:03";"2020-01-27 14:48:03"
2008;89;"Cullinan";"2020-01-27 14:48:03";"2020-01-27 14:48:03"
2009;89;"Dawn";"2020-01-27 14:48:03";"2020-01-27 14:48:03"
2010;89;"Ghost";"2020-01-27 14:48:03";"2020-01-27 14:48:03"
2011;89;"Phantom";"2020-01-27 14:48:03";"2020-01-27 14:48:03"
2012;89;"Silver Cloud";"2020-01-27 14:48:03";"2020-01-27 14:48:03"
2013;89;"Silver Dawn";"2020-01-27 14:48:03";"2020-01-27 14:48:03"
2014;89;"Silver Seraph";"2020-01-27 14:48:03";"2020-01-27 14:48:03"
2015;89;"Silver Shadow";"2020-01-27 14:48:03";"2020-01-27 14:48:03"
2016;89;"Silver Spirit";"2020-01-27 14:48:03";"2020-01-27 14:48:03"
2017;89;"Silver Spur";"2020-01-27 14:48:03";"2020-01-27 14:48:03"
2018;89;"Wraith";"2020-01-27 14:48:03";"2020-01-27 14:48:03"
2019;90;"100";"2020-01-27 14:48:03";"2020-01-27 14:48:03"
2020;90;"200";"2020-01-27 14:48:03";"2020-01-27 14:48:03"
2021;90;"25";"2020-01-27 14:48:03";"2020-01-27 14:48:03"
2022;90;"400";"2020-01-27 14:48:03";"2020-01-27 14:48:03"
2023;90;"45";"2020-01-27 14:48:03";"2020-01-27 14:48:03"
2024;90;"600";"2020-01-27 14:48:03";"2020-01-27 14:48:03"
2025;90;"75";"2020-01-27 14:48:03";"2020-01-27 14:48:03"
2026;90;"75 Tourer";"2020-01-27 14:48:03";"2020-01-27 14:48:03"
2027;90;"90";"2020-01-27 14:48:03";"2020-01-27 14:48:03"
2028;90;"Cabriolet";"2020-01-27 14:48:03";"2020-01-27 14:48:03"
2029;90;"City Rover";"2020-01-27 14:48:03";"2020-01-27 14:48:03"
2030;90;"Metro";"2020-01-27 14:48:03";"2020-01-27 14:48:03"
2031;90;"Mini";"2020-01-27 14:48:03";"2020-01-27 14:48:03"
2032;90;"Streetwise";"2020-01-27 14:48:03";"2020-01-27 14:48:03"
2033;91;"9-3";"2020-01-27 14:48:03";"2020-01-27 14:48:03"
2034;91;"9-5";"2020-01-27 14:48:03";"2020-01-27 14:48:03"
2035;91;"900";"2020-01-27 14:48:03";"2020-01-27 14:48:03"
2036;91;"9000";"2020-01-27 14:48:03";"2020-01-27 14:48:03"
2037;92;"Alhambra";"2020-01-27 14:48:03";"2020-01-27 14:48:03"
2038;92;"Altea";"2020-01-27 14:48:03";"2020-01-27 14:48:03"
2039;92;"Altea Xl";"2020-01-27 14:48:03";"2020-01-27 14:48:03"
2040;92;"Arona";"2020-01-27 14:48:03";"2020-01-27 14:48:03"
2041;92;"Arosa";"2020-01-27 14:48:03";"2020-01-27 14:48:03"
2042;92;"Ateca";"2020-01-27 14:48:03";"2020-01-27 14:48:03"
2043;92;"Cordoba";"2020-01-27 14:48:03";"2020-01-27 14:48:03"
2044;92;"Exeo";"2020-01-27 14:48:03";"2020-01-27 14:48:03"
2045;92;"Ibiza";"2020-01-27 14:48:03";"2020-01-27 14:48:03"
2046;92;"Leon";"2020-01-27 14:48:03";"2020-01-27 14:48:03"
2047;92;"Mii";"2020-01-27 14:48:03";"2020-01-27 14:48:03"
2048;92;"Tarraco";"2020-01-27 14:48:03";"2020-01-27 14:48:03"
2049;92;"Toledo";"2020-01-27 14:48:03";"2020-01-27 14:48:03"
2050;94;"Citigo";"2020-01-27 14:48:03";"2020-01-27 14:48:03"
2051;94;"Fabia";"2020-01-27 14:48:03";"2020-01-27 14:48:03"
2052;94;"Favorit";"2020-01-27 14:48:03";"2020-01-27 14:48:03"
2053;94;"Kamiq";"2020-01-27 14:48:03";"2020-01-27 14:48:03"
2054;94;"Karoq";"2020-01-27 14:48:03";"2020-01-27 14:48:03"
2055;94;"Kodiaq";"2020-01-27 14:48:03";"2020-01-27 14:48:03"
2056;94;"Octavia";"2020-01-27 14:48:03";"2020-01-27 14:48:03"
2057;94;"Rapid";"2020-01-27 14:48:03";"2020-01-27 14:48:03"
2058;94;"Rapid Spaceback";"2020-01-27 14:48:03";"2020-01-27 14:48:03"
2059;94;"Roomster";"2020-01-27 14:48:03";"2020-01-27 14:48:03"
2060;94;"Scala";"2020-01-27 14:48:03";"2020-01-27 14:48:03"
2061;94;"Superb";"2020-01-27 14:48:03";"2020-01-27 14:48:03"
2062;94;"Yeti";"2020-01-27 14:48:03";"2020-01-27 14:48:03"
2063;95;"Forfour";"2020-01-27 14:48:03";"2020-01-27 14:48:03"
2064;95;"Fortwo";"2020-01-27 14:48:03";"2020-01-27 14:48:03"
2065;95;"Roadster";"2020-01-27 14:48:03";"2020-01-27 14:48:03"
2066;96;"Korando";"2020-01-27 14:48:03";"2020-01-27 14:48:03"
2067;96;"Korando Sports";"2020-01-27 14:48:03";"2020-01-27 14:48:03"
2068;96;"Kyron";"2020-01-27 14:48:03";"2020-01-27 14:48:03"
2069;96;"Musso";"2020-01-27 14:48:03";"2020-01-27 14:48:03"
2070;96;"Rexton";"2020-01-27 14:48:03";"2020-01-27 14:48:03"
2071;96;"Rodius";"2020-01-27 14:48:03";"2020-01-27 14:48:03"
2072;96;"Tivoli";"2020-01-27 14:48:03";"2020-01-27 14:48:03"
2073;96;"Tivoli Xlv";"2020-01-27 14:48:03";"2020-01-27 14:48:03"
2074;96;"Turismo";"2020-01-27 14:48:03";"2020-01-27 14:48:03"
2075;97;"Super 10";"2020-01-27 14:48:03";"2020-01-27 14:48:03"
2076;98;"Brz";"2020-01-27 14:48:03";"2020-01-27 14:48:03"
2077;98;"Exiga";"2020-01-27 14:48:03";"2020-01-27 14:48:03"
2078;98;"Forester";"2020-01-27 14:48:03";"2020-01-27 14:48:03"
2079;98;"Impreza";"2020-01-27 14:48:03";"2020-01-27 14:48:03"
2080;98;"Justy";"2020-01-27 14:48:03";"2020-01-27 14:48:03"
2081;98;"Legacy";"2020-01-27 14:48:03";"2020-01-27 14:48:03"
2082;98;"Levorg";"2020-01-27 14:48:03";"2020-01-27 14:48:03"
2083;98;"Outback";"2020-01-27 14:48:03";"2020-01-27 14:48:03"
2084;98;"Sambar";"2020-01-27 14:48:03";"2020-01-27 14:48:03"
2085;98;"Tribeca";"2020-01-27 14:48:03";"2020-01-27 14:48:03"
2086;98;"Wrx Sti";"2020-01-27 14:48:03";"2020-01-27 14:48:03"
2087;98;"Xv";"2020-01-27 14:48:03";"2020-01-27 14:48:03"
2088;99;"80";"2020-01-27 14:48:03";"2020-01-27 14:48:03"
2089;100;"Alto";"2020-01-27 14:48:03";"2020-01-27 14:48:03"
2090;100;"Baleno";"2020-01-27 14:48:03";"2020-01-27 14:48:03"
2091;100;"Celerio";"2020-01-27 14:48:03";"2020-01-27 14:48:03"
2092;100;"Grand Vitara";"2020-01-27 14:48:03";"2020-01-27 14:48:03"
2093;100;"Ignis";"2020-01-27 14:48:03";"2020-01-27 14:48:03"
2094;100;"Jimny";"2020-01-27 14:48:03";"2020-01-27 14:48:03"
2095;100;"Kizashi";"2020-01-27 14:48:03";"2020-01-27 14:48:03"
2096;100;"Liana";"2020-01-27 14:48:03";"2020-01-27 14:48:03"
2097;100;"Splash";"2020-01-27 14:48:03";"2020-01-27 14:48:03"
2098;100;"Swift";"2020-01-27 14:48:03";"2020-01-27 14:48:03"
2099;100;"Sx4";"2020-01-27 14:48:03";"2020-01-27 14:48:03"
2100;100;"Sx4 S-cross";"2020-01-27 14:48:03";"2020-01-27 14:48:03"
2101;100;"Vitara";"2020-01-27 14:48:03";"2020-01-27 14:48:03"
2102;100;"Wagon R";"2020-01-27 14:48:03";"2020-01-27 14:48:03"
2103;101;"Model 3";"2020-01-27 14:48:03";"2020-01-27 14:48:03"
2104;101;"Model S";"2020-01-27 14:48:03";"2020-01-27 14:48:03"
2105;101;"Model X";"2020-01-27 14:48:03";"2020-01-27 14:48:03"
2106;101;"Roadster";"2020-01-27 14:48:03";"2020-01-27 14:48:03"
2107;103;"Dolomite";"2020-01-27 14:48:03";"2020-01-27 14:48:03"
2108;103;"Herald";"2020-01-27 14:48:03";"2020-01-27 14:48:03"
2109;103;"Spitfire";"2020-01-27 14:48:03";"2020-01-27 14:48:03"
2110;103;"Stag";"2020-01-27 14:48:03";"2020-01-27 14:48:03"
2111;103;"Tr2";"2020-01-27 14:48:03";"2020-01-27 14:48:03"
2112;103;"Tr6";"2020-01-27 14:48:03";"2020-01-27 14:48:03"
2113;103;"Tr7";"2020-01-27 14:48:03";"2020-01-27 14:48:03"
2114;104;"Cerbera";"2020-01-27 14:48:03";"2020-01-27 14:48:03"
2115;104;"Chimaera";"2020-01-27 14:48:03";"2020-01-27 14:48:03"
2116;104;"Griffith";"2020-01-27 14:48:03";"2020-01-27 14:48:03"
2117;104;"S Convertible";"2020-01-27 14:48:03";"2020-01-27 14:48:03"
2118;104;"S3";"2020-01-27 14:48:03";"2020-01-27 14:48:03"
2119;104;"Sagaris";"2020-01-27 14:48:03";"2020-01-27 14:48:03"
2120;104;"T350";"2020-01-27 14:48:03";"2020-01-27 14:48:03"
2121;104;"Tamora";"2020-01-27 14:48:03";"2020-01-27 14:48:03"
2122;104;"Tuscan";"2020-01-27 14:48:03";"2020-01-27 14:48:03"
2123;105;"Can-am";"2020-01-27 14:48:03";"2020-01-27 14:48:03"
2124;106;"Adam";"2020-01-27 14:48:03";"2020-01-27 14:48:03"
2125;106;"Agila";"2020-01-27 14:48:03";"2020-01-27 14:48:03"
2126;106;"Ampera";"2020-01-27 14:48:03";"2020-01-27 14:48:03"
2127;106;"Antara";"2020-01-27 14:48:03";"2020-01-27 14:48:03"
2128;106;"Astra";"2020-01-27 14:48:03";"2020-01-27 14:48:03"
2129;106;"Astra Gtc";"2020-01-27 14:48:03";"2020-01-27 14:48:03"
2130;106;"Belmont";"2020-01-27 14:48:03";"2020-01-27 14:48:03"
2131;106;"Calibra";"2020-01-27 14:48:03";"2020-01-27 14:48:03"
2132;106;"Carlton";"2020-01-27 14:48:03";"2020-01-27 14:48:03"
2133;106;"Cascada";"2020-01-27 14:48:03";"2020-01-27 14:48:03"
2134;106;"Cavalier";"2020-01-27 14:48:03";"2020-01-27 14:48:03"
2135;106;"Combo";"2020-01-27 14:48:04";"2020-01-27 14:48:04"
2136;106;"Combo Life";"2020-01-27 14:48:04";"2020-01-27 14:48:04"
2137;106;"Combo Tour";"2020-01-27 14:48:04";"2020-01-27 14:48:04"
2138;106;"Corsa";"2020-01-27 14:48:04";"2020-01-27 14:48:04"
2139;106;"Crossland X";"2020-01-27 14:48:04";"2020-01-27 14:48:04"
2140;106;"Frontera";"2020-01-27 14:48:04";"2020-01-27 14:48:04"
2141;106;"Grandland X";"2020-01-27 14:48:04";"2020-01-27 14:48:04"
2142;106;"Insignia";"2020-01-27 14:48:04";"2020-01-27 14:48:04"
2143;106;"Lotus Carlton";"2020-01-27 14:48:04";"2020-01-27 14:48:04"
2144;106;"Meriva";"2020-01-27 14:48:04";"2020-01-27 14:48:04"
2145;106;"Mokka";"2020-01-27 14:48:04";"2020-01-27 14:48:04"
2146;106;"Mokka X";"2020-01-27 14:48:04";"2020-01-27 14:48:04"
2147;106;"Monaro";"2020-01-27 14:48:04";"2020-01-27 14:48:04"
2148;106;"Movano";"2020-01-27 14:48:04";"2020-01-27 14:48:04"
2149;106;"Nova";"2020-01-27 14:48:04";"2020-01-27 14:48:04"
2150;106;"Omega";"2020-01-27 14:48:04";"2020-01-27 14:48:04"
2151;106;"Signum";"2020-01-27 14:48:04";"2020-01-27 14:48:04"
2152;106;"Tigra";"2020-01-27 14:48:04";"2020-01-27 14:48:04"
2153;106;"Vectra";"2020-01-27 14:48:04";"2020-01-27 14:48:04"
2154;106;"Viva";"2020-01-27 14:48:04";"2020-01-27 14:48:04"
2155;106;"Vivaro";"2020-01-27 14:48:04";"2020-01-27 14:48:04"
2156;106;"Vivaro Life";"2020-01-27 14:48:04";"2020-01-27 14:48:04"
2157;106;"Vx220";"2020-01-27 14:48:04";"2020-01-27 14:48:04"
2158;106;"Vxr8";"2020-01-27 14:48:04";"2020-01-27 14:48:04"
2159;106;"Zafira";"2020-01-27 14:48:04";"2020-01-27 14:48:04"
2160;106;"Zafira Tourer";"2020-01-27 14:48:04";"2020-01-27 14:48:04"
2161;107;"Amarok";"2020-01-27 14:48:04";"2020-01-27 14:48:04"
2162;107;"Arteon";"2020-01-27 14:48:04";"2020-01-27 14:48:04"
2163;107;"Beach Buggy";"2020-01-27 14:48:04";"2020-01-27 14:48:04"
2164;107;"Beetle";"2020-01-27 14:48:04";"2020-01-27 14:48:04"
2165;107;"Bora";"2020-01-27 14:48:04";"2020-01-27 14:48:04"
2166;107;"Caddy";"2020-01-27 14:48:04";"2020-01-27 14:48:04"
2167;107;"Caddy Camper";"2020-01-27 14:48:04";"2020-01-27 14:48:04"
2168;107;"Caddy Life";"2020-01-27 14:48:04";"2020-01-27 14:48:04"
2169;107;"Caddy Maxi";"2020-01-27 14:48:04";"2020-01-27 14:48:04"
2170;107;"Caddy Maxi Life";"2020-01-27 14:48:04";"2020-01-27 14:48:04"
2171;107;"California";"2020-01-27 14:48:04";"2020-01-27 14:48:04"
2172;107;"Campervan";"2020-01-27 14:48:04";"2020-01-27 14:48:04"
2173;107;"Caravelle";"2020-01-27 14:48:04";"2020-01-27 14:48:04"
2174;107;"Cc";"2020-01-27 14:48:04";"2020-01-27 14:48:04"
2175;107;"Corrado";"2020-01-27 14:48:04";"2020-01-27 14:48:04"
2176;107;"Eos";"2020-01-27 14:48:04";"2020-01-27 14:48:04"
2177;107;"Fastback";"2020-01-27 14:48:04";"2020-01-27 14:48:04"
2178;107;"Fox";"2020-01-27 14:48:04";"2020-01-27 14:48:04"
2179;107;"Golf";"2020-01-27 14:48:04";"2020-01-27 14:48:04"
2180;107;"Golf Plus";"2020-01-27 14:48:04";"2020-01-27 14:48:04"
2181;107;"Golf Sv";"2020-01-27 14:48:04";"2020-01-27 14:48:04"
2182;107;"Jetta";"2020-01-27 14:48:04";"2020-01-27 14:48:04"
2183;107;"Lupo";"2020-01-27 14:48:04";"2020-01-27 14:48:04"
2184;107;"Passat";"2020-01-27 14:48:04";"2020-01-27 14:48:04"
2185;107;"Phaeton";"2020-01-27 14:48:04";"2020-01-27 14:48:04"
2186;107;"Polo";"2020-01-27 14:48:04";"2020-01-27 14:48:04"
2187;107;"Scirocco";"2020-01-27 14:48:04";"2020-01-27 14:48:04"
2188;107;"Sharan";"2020-01-27 14:48:04";"2020-01-27 14:48:04"
2189;107;"T-Cross";"2020-01-27 14:48:04";"2020-01-27 14:48:04"
2190;107;"T-Roc";"2020-01-27 14:48:04";"2020-01-27 14:48:04"
2191;107;"Tiguan";"2020-01-27 14:48:04";"2020-01-27 14:48:04"
2192;107;"Tiguan Allspace";"2020-01-27 14:48:04";"2020-01-27 14:48:04"
2193;107;"Touareg";"2020-01-27 14:48:04";"2020-01-27 14:48:04"
2194;107;"Touran";"2020-01-27 14:48:04";"2020-01-27 14:48:04"
2195;107;"Transporter";"2020-01-27 14:48:04";"2020-01-27 14:48:04"
2196;107;"Transporter Shuttle";"2020-01-27 14:48:04";"2020-01-27 14:48:04"
2197;107;"Transporter Sportline";"2020-01-27 14:48:04";"2020-01-27 14:48:04"
2198;107;"up!";"2020-01-27 14:48:04";"2020-01-27 14:48:04"
2199;107;"Vento";"2020-01-27 14:48:04";"2020-01-27 14:48:04"
2200;108;"164";"2020-01-27 14:48:04";"2020-01-27 14:48:04"
2201;108;"240";"2020-01-27 14:48:04";"2020-01-27 14:48:04"
2202;108;"850";"2020-01-27 14:48:04";"2020-01-27 14:48:04"
2203;108;"940";"2020-01-27 14:48:04";"2020-01-27 14:48:04"
2204;108;"960";"2020-01-27 14:48:04";"2020-01-27 14:48:04"
2205;108;"C30";"2020-01-27 14:48:04";"2020-01-27 14:48:04"
2206;108;"C70";"2020-01-27 14:48:04";"2020-01-27 14:48:04"
2207;108;"P1800";"2020-01-27 14:48:04";"2020-01-27 14:48:04"
2208;108;"S40";"2020-01-27 14:48:04";"2020-01-27 14:48:04"
2209;108;"S60";"2020-01-27 14:48:04";"2020-01-27 14:48:04"
2210;108;"S70";"2020-01-27 14:48:04";"2020-01-27 14:48:04"
2211;108;"S80";"2020-01-27 14:48:04";"2020-01-27 14:48:04"
2212;108;"S90";"2020-01-27 14:48:04";"2020-01-27 14:48:04"
2213;108;"V40";"2020-01-27 14:48:04";"2020-01-27 14:48:04"
2214;108;"V40 Cross Country";"2020-01-27 14:48:04";"2020-01-27 14:48:04"
2215;108;"V50";"2020-01-27 14:48:04";"2020-01-27 14:48:04"
2216;108;"V60";"2020-01-27 14:48:04";"2020-01-27 14:48:04"
2217;108;"V60 Cross Country";"2020-01-27 14:48:04";"2020-01-27 14:48:04"
2218;108;"V70";"2020-01-27 14:48:04";"2020-01-27 14:48:04"
2219;108;"V70 Cross Country";"2020-01-27 14:48:04";"2020-01-27 14:48:04"
2220;108;"V90";"2020-01-27 14:48:04";"2020-01-27 14:48:04"
2221;108;"V90 Cross Country";"2020-01-27 14:48:04";"2020-01-27 14:48:04"
2222;108;"Xc40";"2020-01-27 14:48:04";"2020-01-27 14:48:04"
2223;108;"Xc60";"2020-01-27 14:48:04";"2020-01-27 14:48:04"
2224;108;"Xc70";"2020-01-27 14:48:04";"2020-01-27 14:48:04"
2225;108;"Xc90";"2020-01-27 14:48:04";"2020-01-27 14:48:04"
2226;109;"7";"2020-01-27 14:48:04";"2020-01-27 14:48:04"
2227;109;"Mega";"2020-01-27 14:48:04";"2020-01-27 14:48:04"
2228;109;"Se";"2020-01-27 14:48:04";"2020-01-27 14:48:04"
2229;109;"Sei";"2020-01-27 14:48:04";"2020-01-27 14:48:04"
2230;109;"Sport";"2020-01-27 14:48:04";"2020-01-27 14:48:04"
2231;110;"1300";"2020-01-27 14:48:04";"2020-01-27 14:48:04"
2232;111;"Yxz 1000r";"2020-01-27 14:48:04";"2020-01-27 14:48:04"
2233;111;"Yxz 1000r Ss";"2020-01-27 14:48:04";"2020-01-27 14:48:04"
2234;112;"E10";"2020-01-27 14:48:04";"2020-01-27 14:48:04"
2235;8;"100";"2020-01-27 14:53:04";"2020-01-27 14:53:04"
2236;8;"80";"2020-01-27 14:53:04";"2020-01-27 14:53:04"
2237;8;"A1";"2020-01-27 14:53:04";"2020-01-27 14:53:04"
2238;8;"A2";"2020-01-27 14:53:04";"2020-01-27 14:53:04"
2239;8;"A3";"2020-01-27 14:53:04";"2020-01-27 14:53:04"
2240;8;"A3 Cabriolet";"2020-01-27 14:53:04";"2020-01-27 14:53:04"
2241;8;"A4";"2020-01-27 14:53:04";"2020-01-27 14:53:04"
2242;8;"A4 Allroad";"2020-01-27 14:53:04";"2020-01-27 14:53:04"
2243;8;"A4 Avant";"2020-01-27 14:53:04";"2020-01-27 14:53:04"
2244;8;"A4 Cabriolet";"2020-01-27 14:53:04";"2020-01-27 14:53:04"
2245;8;"A5";"2020-01-27 14:53:04";"2020-01-27 14:53:04"
2246;8;"A5 Cabriolet";"2020-01-27 14:53:04";"2020-01-27 14:53:04"
2247;8;"A6 Allroad";"2020-01-27 14:53:04";"2020-01-27 14:53:04"
2248;8;"A6 Avant";"2020-01-27 14:53:04";"2020-01-27 14:53:04"
2249;8;"A6 Saloon";"2020-01-27 14:53:04";"2020-01-27 14:53:04"
2250;8;"A6 Unspecified";"2020-01-27 14:53:04";"2020-01-27 14:53:04"
2251;8;"A7";"2020-01-27 14:53:04";"2020-01-27 14:53:04"
2252;8;"A8";"2020-01-27 14:53:04";"2020-01-27 14:53:04"
2253;8;"Allroad";"2020-01-27 14:53:04";"2020-01-27 14:53:04"
2254;8;"Cabriolet";"2020-01-27 14:53:04";"2020-01-27 14:53:04"
2255;8;"Coupe";"2020-01-27 14:53:04";"2020-01-27 14:53:04"
2256;8;"E-tron";"2020-01-27 14:53:04";"2020-01-27 14:53:04"
2257;8;"Q2";"2020-01-27 14:53:04";"2020-01-27 14:53:04"
2258;8;"Q3";"2020-01-27 14:53:04";"2020-01-27 14:53:04"
2259;8;"Q5";"2020-01-27 14:53:04";"2020-01-27 14:53:04"
2260;8;"Q7";"2020-01-27 14:53:04";"2020-01-27 14:53:04"
2261;8;"Q8";"2020-01-27 14:53:04";"2020-01-27 14:53:04"
2262;8;"Quattro";"2020-01-27 14:53:04";"2020-01-27 14:53:04"
2263;8;"R8";"2020-01-27 14:53:04";"2020-01-27 14:53:04"
2264;8;"RS Q3";"2020-01-27 14:53:04";"2020-01-27 14:53:04"
2265;8;"RS3";"2020-01-27 14:53:04";"2020-01-27 14:53:04"
2266;8;"RS4";"2020-01-27 14:53:04";"2020-01-27 14:53:04"
2267;8;"RS4 Avant";"2020-01-27 14:53:04";"2020-01-27 14:53:04"
2268;8;"RS4 Cabriolet";"2020-01-27 14:53:04";"2020-01-27 14:53:04"
2269;8;"RS5";"2020-01-27 14:53:04";"2020-01-27 14:53:04"
2270;8;"RS6";"2020-01-27 14:53:04";"2020-01-27 14:53:04"
2271;8;"RS6 Avant";"2020-01-27 14:53:04";"2020-01-27 14:53:04"
2272;8;"RS7";"2020-01-27 14:53:04";"2020-01-27 14:53:04"
2273;8;"RSQ8";"2020-01-27 14:53:04";"2020-01-27 14:53:04"
2274;8;"S1";"2020-01-27 14:53:04";"2020-01-27 14:53:04"
2275;8;"S3";"2020-01-27 14:53:04";"2020-01-27 14:53:04"
2276;8;"S4";"2020-01-27 14:53:04";"2020-01-27 14:53:04"
2277;8;"S4 Avant";"2020-01-27 14:53:04";"2020-01-27 14:53:04"
2278;8;"S4 Cabriolet";"2020-01-27 14:53:04";"2020-01-27 14:53:04"
2279;8;"S5";"2020-01-27 14:53:04";"2020-01-27 14:53:04"
2280;8;"S6 Avant";"2020-01-27 14:53:04";"2020-01-27 14:53:04"
2281;8;"S6 Saloon";"2020-01-27 14:53:04";"2020-01-27 14:53:04"
2282;8;"S7";"2020-01-27 14:53:04";"2020-01-27 14:53:04"
2283;8;"S8";"2020-01-27 14:53:04";"2020-01-27 14:53:04"
2284;8;"SQ2";"2020-01-27 14:53:04";"2020-01-27 14:53:04"
2285;8;"SQ5";"2020-01-27 14:53:04";"2020-01-27 14:53:04"
2286;8;"SQ7";"2020-01-27 14:53:04";"2020-01-27 14:53:04"
2287;8;"SQ8";"2020-01-27 14:53:04";"2020-01-27 14:53:04"
2288;8;"TT";"2020-01-27 14:53:04";"2020-01-27 14:53:04"
2289;8;"TT RS";"2020-01-27 14:53:04";"2020-01-27 14:53:04"
2290;8;"TTS";"2020-01-27 14:53:04";"2020-01-27 14:53:04"
