"Abarth";"2020-01-21 11:34:36";"2020-01-21 11:34:36"
"AC";"2020-01-21 11:34:36";"2020-01-21 11:34:36"
"Aixam";"2020-01-21 11:34:36";"2020-01-21 11:34:36"
"Alfa Romeo";"2020-01-21 11:34:36";"2020-01-21 11:34:36"
"Alpine";"2020-01-21 11:34:36";"2020-01-21 11:34:36"
"Ariel";"2020-01-21 11:34:36";"2020-01-21 11:34:36"
"Aston Martin";"2020-01-21 11:34:36";"2020-01-21 11:34:36"
"Audi";"2020-01-21 11:34:36";"2020-01-21 11:34:36"
"Austin";"2020-01-21 11:34:36";"2020-01-21 11:34:36"
"BAC";"2020-01-21 11:34:36";"2020-01-21 11:34:36"
"Beauford";"2020-01-21 11:34:36";"2020-01-21 11:34:36"
"Bentley";"2020-01-21 11:34:36";"2020-01-21 11:34:36"
"BMW";"2020-01-21 11:34:36";"2020-01-21 11:34:36"
"Bristol";"2020-01-21 11:34:36";"2020-01-21 11:34:36"
"Bugatti";"2020-01-21 11:34:36";"2020-01-21 11:34:36"
"Buick";"2020-01-21 11:34:36";"2020-01-21 11:34:36"
"Cadillac";"2020-01-21 11:34:36";"2020-01-21 11:34:36"
"Caterham";"2020-01-21 11:34:36";"2020-01-21 11:34:36"
"Chesil";"2020-01-21 11:34:36";"2020-01-21 11:34:36"
"Chevrolet";"2020-01-21 11:34:36";"2020-01-21 11:34:36"
"Chrysler";"2020-01-21 11:34:36";"2020-01-21 11:34:36"
"Citroen";"2020-01-21 11:34:36";"2020-01-21 11:34:36"
"Corvette";"2020-01-21 11:34:36";"2020-01-21 11:34:36"
"Cupra";"2020-01-21 11:34:36";"2020-01-21 11:34:36"
"Custom Vehicle";"2020-01-21 11:34:36";"2020-01-21 11:34:36"
"Dacia";"2020-01-21 11:34:36";"2020-01-21 11:34:36"
"Daewoo";"2020-01-21 11:34:36";"2020-01-21 11:34:36"
"Daihatsu";"2020-01-21 11:34:36";"2020-01-21 11:34:36"
"Daimler";"2020-01-21 11:34:36";"2020-01-21 11:34:36"
"Datsun";"2020-01-21 11:34:36";"2020-01-21 11:34:36"
"Dax";"2020-01-21 11:34:36";"2020-01-21 11:34:36"
"Dodge";"2020-01-21 11:34:36";"2020-01-21 11:34:36"
"DS Automobiles";"2020-01-21 11:34:36";"2020-01-21 11:34:36"
"Ferrari";"2020-01-21 11:34:36";"2020-01-21 11:34:36"
"Fiat";"2020-01-21 11:34:36";"2020-01-21 11:34:36"
"Ford";"2020-01-21 11:34:36";"2020-01-21 11:34:36"
"GMC";"2020-01-21 11:34:36";"2020-01-21 11:34:36"
"Great Wall";"2020-01-21 11:34:36";"2020-01-21 11:34:36"
"Holden";"2020-01-21 11:34:36";"2020-01-21 11:34:36"
"Honda";"2020-01-21 11:34:36";"2020-01-21 11:34:36"
"Humber";"2020-01-21 11:34:36";"2020-01-21 11:34:36"
"Hummer";"2020-01-21 11:34:36";"2020-01-21 11:34:36"
"Hyundai";"2020-01-21 11:34:36";"2020-01-21 11:34:36"
"Infiniti";"2020-01-21 11:34:36";"2020-01-21 11:34:36"
"Isuzu";"2020-01-21 11:34:36";"2020-01-21 11:34:36"
"Jaguar";"2020-01-21 11:34:36";"2020-01-21 11:34:36"
"Jeep";"2020-01-21 11:34:36";"2020-01-21 11:34:36"
"Jensen";"2020-01-21 11:34:36";"2020-01-21 11:34:36"
"Kia";"2020-01-21 11:34:36";"2020-01-21 11:34:36"
"Koenigsegg";"2020-01-21 11:34:36";"2020-01-21 11:34:36"
"KTM";"2020-01-21 11:34:36";"2020-01-21 11:34:36"
"Lamborghini";"2020-01-21 11:34:36";"2020-01-21 11:34:36"
"Lancia";"2020-01-21 11:34:36";"2020-01-21 11:34:36"
"Land Rover";"2020-01-21 11:34:36";"2020-01-21 11:34:36"
"Levc";"2020-01-21 11:34:36";"2020-01-21 11:34:36"
"Lexus";"2020-01-21 11:34:36";"2020-01-21 11:34:36"
"Leyland";"2020-01-21 11:34:36";"2020-01-21 11:34:36"
"Lincoln";"2020-01-21 11:34:36";"2020-01-21 11:34:36"
"London Taxis International";"2020-01-21 11:34:36";"2020-01-21 11:34:36"
"Lotus";"2020-01-21 11:34:36";"2020-01-21 11:34:36"
"Maserati";"2020-01-21 11:34:36";"2020-01-21 11:34:36"
"Maybach";"2020-01-21 11:34:36";"2020-01-21 11:34:36"
"Mazda";"2020-01-21 11:34:36";"2020-01-21 11:34:36"
"Mclaren";"2020-01-21 11:34:36";"2020-01-21 11:34:36"
"Mercedes-Benz";"2020-01-21 11:34:36";"2020-01-21 11:34:36"
"MG";"2020-01-21 11:34:36";"2020-01-21 11:34:36"
"Microcar";"2020-01-21 11:34:36";"2020-01-21 11:34:36"
"Mini";"2020-01-21 11:34:36";"2020-01-21 11:34:36"
"Mitsubishi";"2020-01-21 11:34:36";"2020-01-21 11:34:36"
"Morgan";"2020-01-21 11:34:36";"2020-01-21 11:34:36"
"Morris";"2020-01-21 11:34:36";"2020-01-21 11:34:36"
"Nissan";"2020-01-21 11:34:36";"2020-01-21 11:34:36"
"Noble";"2020-01-21 11:34:36";"2020-01-21 11:34:36"
"Opel";"2020-01-21 11:34:36";"2020-01-21 11:34:36"
"Perodua";"2020-01-21 11:34:36";"2020-01-21 11:34:36"
"Peugeot";"2020-01-21 11:34:36";"2020-01-21 11:34:36"
"Pilgrim";"2020-01-21 11:34:36";"2020-01-21 11:34:36"
"Plymouth";"2020-01-21 11:34:36";"2020-01-21 11:34:36"
"Pontiac";"2020-01-21 11:34:36";"2020-01-21 11:34:36"
"Porsche";"2020-01-21 11:34:36";"2020-01-21 11:34:36"
"Proton";"2020-01-21 11:34:36";"2020-01-21 11:34:36"
"Radical";"2020-01-21 11:34:36";"2020-01-21 11:34:36"
"Raw";"2020-01-21 11:34:36";"2020-01-21 11:34:36"
"Reliant";"2020-01-21 11:34:36";"2020-01-21 11:34:36"
"Renault";"2020-01-21 11:34:36";"2020-01-21 11:34:36"
"Replica";"2020-01-21 11:34:36";"2020-01-21 11:34:36"
"Reva";"2020-01-21 11:34:36";"2020-01-21 11:34:36"
"Riley";"2020-01-21 11:34:36";"2020-01-21 11:34:36"
"Rolls-Royce";"2020-01-21 11:34:36";"2020-01-21 11:34:36"
"Rover";"2020-01-21 11:34:36";"2020-01-21 11:34:36"
"Saab";"2020-01-21 11:34:36";"2020-01-21 11:34:36"
"Seat";"2020-01-21 11:34:36";"2020-01-21 11:34:36"
"Singer";"2020-01-21 11:34:36";"2020-01-21 11:34:36"
"Skoda";"2020-01-21 11:34:36";"2020-01-21 11:34:36"
"Smart";"2020-01-21 11:34:36";"2020-01-21 11:34:36"
"Ssangyong";"2020-01-21 11:34:36";"2020-01-21 11:34:36"
"Standard";"2020-01-21 11:34:36";"2020-01-21 11:34:36"
"Subaru";"2020-01-21 11:34:36";"2020-01-21 11:34:36"
"Sunbeam";"2020-01-21 11:34:36";"2020-01-21 11:34:36"
"Suzuki";"2020-01-21 11:34:36";"2020-01-21 11:34:36"
"Tesla";"2020-01-21 11:34:36";"2020-01-21 11:34:36"
"Toyota";"2020-01-21 11:34:36";"2020-01-21 11:34:36"
"Triumph";"2020-01-21 11:34:36";"2020-01-21 11:34:36"
"TVR";"2020-01-21 11:34:36";"2020-01-21 11:34:36"
"Ultima";"2020-01-21 11:34:36";"2020-01-21 11:34:36"
"Vauxhall";"2020-01-21 11:34:36";"2020-01-21 11:34:36"
"Volkswagen";"2020-01-21 11:34:36";"2020-01-21 11:34:36"
"Volvo";"2020-01-21 11:34:36";"2020-01-21 11:34:36"
"Westfield";"2020-01-21 11:34:36";"2020-01-21 11:34:36"
"Wolseley";"2020-01-21 11:34:36";"2020-01-21 11:34:36"
"Yamaha";"2020-01-21 11:34:36";"2020-01-21 11:34:36"
"Zenos";"2020-01-21 11:34:36";"2020-01-21 11:34:36"
