3;"Crossline";"2020-01-27 14:47:57";"2020-01-27 14:47:57"
3;"eCity";"2020-01-27 14:47:57";"2020-01-27 14:47:57"
4;"145";"2020-01-27 14:47:57";"2020-01-27 14:47:57"
4;"146";"2020-01-27 14:47:57";"2020-01-27 14:47:57"
4;"147";"2020-01-27 14:47:57";"2020-01-27 14:47:57"
4;"155";"2020-01-27 14:47:57";"2020-01-27 14:47:57"
4;"156";"2020-01-27 14:47:57";"2020-01-27 14:47:57"
4;"156 Sportwagon";"2020-01-27 14:47:57";"2020-01-27 14:47:57"
4;"159";"2020-01-27 14:47:57";"2020-01-27 14:47:57"
4;"159 Sportwagon";"2020-01-27 14:47:57";"2020-01-27 14:47:57"
4;"166";"2020-01-27 14:47:57";"2020-01-27 14:47:57"
4;"2000";"2020-01-27 14:47:57";"2020-01-27 14:47:57"
4;"33";"2020-01-27 14:47:57";"2020-01-27 14:47:57"
4;"4c";"2020-01-27 14:47:57";"2020-01-27 14:47:57"
4;"8c";"2020-01-27 14:47:57";"2020-01-27 14:47:57"
4;"Brera";"2020-01-27 14:47:57";"2020-01-27 14:47:57"
4;"Giulia";"2020-01-27 14:47:57";"2020-01-27 14:47:57"
4;"Giulietta";"2020-01-27 14:47:57";"2020-01-27 14:47:57"
4;"Gt";"2020-01-27 14:47:57";"2020-01-27 14:47:57"
4;"Gtv";"2020-01-27 14:47:57";"2020-01-27 14:47:57"
4;"Mito";"2020-01-27 14:47:57";"2020-01-27 14:47:57"
4;"Spider";"2020-01-27 14:47:57";"2020-01-27 14:47:57"
4;"Stelvio";"2020-01-27 14:47:57";"2020-01-27 14:47:57"
5;"A110";"2020-01-27 14:47:57";"2020-01-27 14:47:57"
6;"Atom";"2020-01-27 14:47:57";"2020-01-27 14:47:57"
7;"Cygnet";"2020-01-27 14:47:57";"2020-01-27 14:47:57"
7;"Db11";"2020-01-27 14:47:57";"2020-01-27 14:47:57"
7;"Db2";"2020-01-27 14:47:57";"2020-01-27 14:47:57"
7;"Db4";"2020-01-27 14:47:57";"2020-01-27 14:47:57"
7;"Db5";"2020-01-27 14:47:57";"2020-01-27 14:47:57"
7;"Db6";"2020-01-27 14:47:57";"2020-01-27 14:47:57"
7;"Db7";"2020-01-27 14:47:57";"2020-01-27 14:47:57"
7;"Db9";"2020-01-27 14:47:57";"2020-01-27 14:47:57"
7;"Dbs";"2020-01-27 14:47:57";"2020-01-27 14:47:57"
7;"Rapide";"2020-01-27 14:47:57";"2020-01-27 14:47:57"
7;"Rapide S";"2020-01-27 14:47:57";"2020-01-27 14:47:57"
7;"V8";"2020-01-27 14:47:57";"2020-01-27 14:47:57"
7;"Vanquish";"2020-01-27 14:47:57";"2020-01-27 14:47:57"
7;"Vantage";"2020-01-27 14:47:57";"2020-01-27 14:47:57"
7;"Virage";"2020-01-27 14:47:57";"2020-01-27 14:47:57"
9;"A35";"2020-01-27 14:47:57";"2020-01-27 14:47:57"
9;"Allegro";"2020-01-27 14:47:57";"2020-01-27 14:47:57"
9;"Cooper";"2020-01-27 14:47:57";"2020-01-27 14:47:57"
9;"Maestro";"2020-01-27 14:47:57";"2020-01-27 14:47:57"
9;"Metro";"2020-01-27 14:47:57";"2020-01-27 14:47:57"
9;"Mini";"2020-01-27 14:47:57";"2020-01-27 14:47:57"
10;"Mono";"2020-01-27 14:47:57";"2020-01-27 14:47:57"
11;"Open Tourer";"2020-01-27 14:47:57";"2020-01-27 14:47:57"
12;"Arnage";"2020-01-27 14:47:57";"2020-01-27 14:47:57"
12;"Azure";"2020-01-27 14:47:57";"2020-01-27 14:47:57"
12;"Bentayga";"2020-01-27 14:47:57";"2020-01-27 14:47:57"
12;"Brooklands";"2020-01-27 14:47:57";"2020-01-27 14:47:57"
12;"Continental";"2020-01-27 14:47:57";"2020-01-27 14:47:57"
12;"Eight";"2020-01-27 14:47:57";"2020-01-27 14:47:57"
12;"Flying Spur";"2020-01-27 14:47:57";"2020-01-27 14:47:57"
12;"Mulsanne";"2020-01-27 14:47:57";"2020-01-27 14:47:57"
12;"Series Ii";"2020-01-27 14:47:57";"2020-01-27 14:47:57"
12;"T Series";"2020-01-27 14:47:57";"2020-01-27 14:47:57"
12;"Turbo R";"2020-01-27 14:47:57";"2020-01-27 14:47:57"
12;"Turbo Rt";"2020-01-27 14:47:57";"2020-01-27 14:47:57"
13;"1 Series";"2020-01-27 14:47:57";"2020-01-27 14:47:57"
13;"2 Series";"2020-01-27 14:47:57";"2020-01-27 14:47:57"
13;"2 Series Active Tourer";"2020-01-27 14:47:57";"2020-01-27 14:47:57"
13;"2 Series Gran Tourer";"2020-01-27 14:47:57";"2020-01-27 14:47:57"
13;"3 Series";"2020-01-27 14:47:57";"2020-01-27 14:47:57"
13;"3 Series Gran Turismo";"2020-01-27 14:47:57";"2020-01-27 14:47:57"
13;"4 Series";"2020-01-27 14:47:57";"2020-01-27 14:47:57"
13;"4 Series Gran Coupe";"2020-01-27 14:47:57";"2020-01-27 14:47:57"
13;"5 Series";"2020-01-27 14:47:57";"2020-01-27 14:47:57"
13;"5 Series Gran Turismo";"2020-01-27 14:47:57";"2020-01-27 14:47:57"
13;"6 Series";"2020-01-27 14:47:57";"2020-01-27 14:47:57"
13;"6 Series Gran Coupe";"2020-01-27 14:47:57";"2020-01-27 14:47:57"
13;"6 Series Gran Turismo";"2020-01-27 14:47:57";"2020-01-27 14:47:57"
13;"7 Series";"2020-01-27 14:47:57";"2020-01-27 14:47:57"
13;"8 Series";"2020-01-27 14:47:57";"2020-01-27 14:47:57"
13;"8 Series Gran Coupe";"2020-01-27 14:47:57";"2020-01-27 14:47:57"
13;"Alpina B10";"2020-01-27 14:47:57";"2020-01-27 14:47:57"
13;"Alpina B3";"2020-01-27 14:47:57";"2020-01-27 14:47:57"
13;"Alpina B3 Bi-turbo";"2020-01-27 14:47:57";"2020-01-27 14:47:57"
13;"Alpina B4";"2020-01-27 14:47:57";"2020-01-27 14:47:57"
13;"Alpina B5";"2020-01-27 14:47:57";"2020-01-27 14:47:57"
13;"Alpina B7";"2020-01-27 14:47:57";"2020-01-27 14:47:57"
13;"Alpina D3";"2020-01-27 14:47:57";"2020-01-27 14:47:57"
13;"Alpina D3 Bi-turbo";"2020-01-27 14:47:57";"2020-01-27 14:47:57"
13;"Alpina D4 Bi-turbo";"2020-01-27 14:47:57";"2020-01-27 14:47:57"
13;"Alpina D5 Bi-turbo";"2020-01-27 14:47:57";"2020-01-27 14:47:57"
13;"Alpina Roadster";"2020-01-27 14:47:57";"2020-01-27 14:47:57"
13;"Alpina Unspecified Models";"2020-01-27 14:47:57";"2020-01-27 14:47:57"
13;"Alpina Xd3 Bi-turbo";"2020-01-27 14:47:57";"2020-01-27 14:47:57"
13;"I3";"2020-01-27 14:47:57";"2020-01-27 14:47:57"
13;"I8";"2020-01-27 14:47:57";"2020-01-27 14:47:57"
13;"Isetta";"2020-01-27 14:47:57";"2020-01-27 14:47:57"
13;"M2";"2020-01-27 14:47:57";"2020-01-27 14:47:57"
13;"M3";"2020-01-27 14:47:57";"2020-01-27 14:47:57"
13;"M4";"2020-01-27 14:47:57";"2020-01-27 14:47:57"
13;"M5";"2020-01-27 14:47:57";"2020-01-27 14:47:57"
13;"M6";"2020-01-27 14:47:57";"2020-01-27 14:47:57"
13;"M6 Gran Coupe";"2020-01-27 14:47:57";"2020-01-27 14:47:57"
13;"M8";"2020-01-27 14:47:57";"2020-01-27 14:47:57"
13;"M8 Gran Coupe";"2020-01-27 14:47:57";"2020-01-27 14:47:57"
13;"X1";"2020-01-27 14:47:57";"2020-01-27 14:47:57"
13;"X2";"2020-01-27 14:47:57";"2020-01-27 14:47:57"
13;"X3";"2020-01-27 14:47:57";"2020-01-27 14:47:57"
13;"X3M";"2020-01-27 14:47:57";"2020-01-27 14:47:57"
13;"X4";"2020-01-27 14:47:57";"2020-01-27 14:47:57"
13;"X4M";"2020-01-27 14:47:57";"2020-01-27 14:47:57"
13;"X5";"2020-01-27 14:47:57";"2020-01-27 14:47:57"
13;"X5M";"2020-01-27 14:47:57";"2020-01-27 14:47:57"
13;"X6";"2020-01-27 14:47:57";"2020-01-27 14:47:57"
13;"X6M";"2020-01-27 14:47:57";"2020-01-27 14:47:57"
13;"X7";"2020-01-27 14:47:57";"2020-01-27 14:47:57"
13;"Z1";"2020-01-27 14:47:57";"2020-01-27 14:47:57"
13;"Z3";"2020-01-27 14:47:57";"2020-01-27 14:47:57"
13;"Z3M";"2020-01-27 14:47:57";"2020-01-27 14:47:57"
13;"Z4";"2020-01-27 14:47:57";"2020-01-27 14:47:57"
13;"Z4M";"2020-01-27 14:47:57";"2020-01-27 14:47:57"
13;"Z8";"2020-01-27 14:47:57";"2020-01-27 14:47:57"
14;"400";"2020-01-27 14:47:57";"2020-01-27 14:47:57"
14;"Blenheim";"2020-01-27 14:47:57";"2020-01-27 14:47:57"
15;"Veyron";"2020-01-27 14:47:57";"2020-01-27 14:47:57"
16;"Electra";"2020-01-27 14:47:57";"2020-01-27 14:47:57"
17;"Bls";"2020-01-27 14:47:58";"2020-01-27 14:47:58"
17;"Cts";"2020-01-27 14:47:58";"2020-01-27 14:47:58"
17;"De Ville";"2020-01-27 14:47:58";"2020-01-27 14:47:58"
17;"Escalade";"2020-01-27 14:47:58";"2020-01-27 14:47:58"
17;"Fleetwood";"2020-01-27 14:47:58";"2020-01-27 14:47:58"
17;"Sts";"2020-01-27 14:47:58";"2020-01-27 14:47:58"
18;"Seven";"2020-01-27 14:47:58";"2020-01-27 14:47:58"
19;"Speedster";"2020-01-27 14:47:58";"2020-01-27 14:47:58"
20;"Aveo";"2020-01-27 14:47:58";"2020-01-27 14:47:58"
20;"C/k";"2020-01-27 14:47:58";"2020-01-27 14:47:58"
20;"C20";"2020-01-27 14:47:58";"2020-01-27 14:47:58"
20;"Camaro";"2020-01-27 14:47:58";"2020-01-27 14:47:58"
20;"Captiva";"2020-01-27 14:47:58";"2020-01-27 14:47:58"
20;"Chevy";"2020-01-27 14:47:58";"2020-01-27 14:47:58"
20;"Corvair";"2020-01-27 14:47:58";"2020-01-27 14:47:58"
20;"Corvette";"2020-01-27 14:47:58";"2020-01-27 14:47:58"
20;"Cruze";"2020-01-27 14:47:58";"2020-01-27 14:47:58"
20;"Epica";"2020-01-27 14:47:58";"2020-01-27 14:47:58"
20;"Kalos";"2020-01-27 14:47:58";"2020-01-27 14:47:58"
20;"Lacetti";"2020-01-27 14:47:58";"2020-01-27 14:47:58"
20;"Matiz";"2020-01-27 14:47:58";"2020-01-27 14:47:58"
20;"Orlando";"2020-01-27 14:47:58";"2020-01-27 14:47:58"
20;"Silverado";"2020-01-27 14:47:58";"2020-01-27 14:47:58"
20;"Spark";"2020-01-27 14:47:58";"2020-01-27 14:47:58"
20;"Ssr";"2020-01-27 14:47:58";"2020-01-27 14:47:58"
20;"Suburban";"2020-01-27 14:47:58";"2020-01-27 14:47:58"
20;"Tacuma";"2020-01-27 14:47:58";"2020-01-27 14:47:58"
20;"Tahoe";"2020-01-27 14:47:58";"2020-01-27 14:47:58"
20;"Trax";"2020-01-27 14:47:58";"2020-01-27 14:47:58"
20;"Volt";"2020-01-27 14:47:58";"2020-01-27 14:47:58"
21;"300c";"2020-01-27 14:47:58";"2020-01-27 14:47:58"
21;"Crossfire";"2020-01-27 14:47:58";"2020-01-27 14:47:58"
21;"Delta";"2020-01-27 14:47:58";"2020-01-27 14:47:58"
21;"Grand Voyager";"2020-01-27 14:47:58";"2020-01-27 14:47:58"
21;"Pt Cruiser";"2020-01-27 14:47:58";"2020-01-27 14:47:58"
21;"Sebring";"2020-01-27 14:47:58";"2020-01-27 14:47:58"
21;"Viper";"2020-01-27 14:47:58";"2020-01-27 14:47:58"
21;"Voyager";"2020-01-27 14:47:58";"2020-01-27 14:47:58"
21;"Ypsilon";"2020-01-27 14:47:58";"2020-01-27 14:47:58"
22;"2 Cv";"2020-01-27 14:47:58";"2020-01-27 14:47:58"
22;"Ax";"2020-01-27 14:47:58";"2020-01-27 14:47:58"
22;"Berlingo";"2020-01-27 14:47:58";"2020-01-27 14:47:58"
22;"C-crosser";"2020-01-27 14:47:58";"2020-01-27 14:47:58"
22;"C-zero";"2020-01-27 14:47:58";"2020-01-27 14:47:58"
22;"C1";"2020-01-27 14:47:58";"2020-01-27 14:47:58"
22;"C2";"2020-01-27 14:47:58";"2020-01-27 14:47:58"
22;"C3";"2020-01-27 14:47:58";"2020-01-27 14:47:58"
22;"C3 Aircross";"2020-01-27 14:47:58";"2020-01-27 14:47:58"
22;"C3 Picasso";"2020-01-27 14:47:58";"2020-01-27 14:47:58"
22;"C3 Pluriel";"2020-01-27 14:47:58";"2020-01-27 14:47:58"
22;"C4";"2020-01-27 14:47:58";"2020-01-27 14:47:58"
22;"C4 Cactus";"2020-01-27 14:47:58";"2020-01-27 14:47:58"
22;"C4 Picasso";"2020-01-27 14:47:58";"2020-01-27 14:47:58"
22;"C4 Spacetourer";"2020-01-27 14:47:58";"2020-01-27 14:47:58"
22;"C5";"2020-01-27 14:47:58";"2020-01-27 14:47:58"
22;"C5 Aircross";"2020-01-27 14:47:58";"2020-01-27 14:47:58"
22;"C6";"2020-01-27 14:47:58";"2020-01-27 14:47:58"
22;"C8";"2020-01-27 14:47:58";"2020-01-27 14:47:58"
22;"Cx";"2020-01-27 14:47:58";"2020-01-27 14:47:58"
22;"Dispatch";"2020-01-27 14:47:58";"2020-01-27 14:47:58"
22;"Ds";"2020-01-27 14:47:58";"2020-01-27 14:47:58"
22;"Ds3";"2020-01-27 14:47:58";"2020-01-27 14:47:58"
22;"Ds3 Cabrio";"2020-01-27 14:47:58";"2020-01-27 14:47:58"
22;"Ds4";"2020-01-27 14:47:58";"2020-01-27 14:47:58"
22;"Ds5";"2020-01-27 14:47:58";"2020-01-27 14:47:58"
22;"Dyane";"2020-01-27 14:47:58";"2020-01-27 14:47:58"
22;"Grand C4 Picasso";"2020-01-27 14:47:58";"2020-01-27 14:47:58"
22;"Grand C4 Spacetourer";"2020-01-27 14:47:58";"2020-01-27 14:47:58"
22;"Nemo Multispace";"2020-01-27 14:47:58";"2020-01-27 14:47:58"
22;"Relay";"2020-01-27 14:47:58";"2020-01-27 14:47:58"
22;"Saxo";"2020-01-27 14:47:58";"2020-01-27 14:47:58"
22;"Spacetourer";"2020-01-27 14:47:58";"2020-01-27 14:47:58"
22;"Xm";"2020-01-27 14:47:58";"2020-01-27 14:47:58"
22;"Xsara";"2020-01-27 14:47:58";"2020-01-27 14:47:58"
22;"Xsara Picasso";"2020-01-27 14:47:58";"2020-01-27 14:47:58"
22;"Zx";"2020-01-27 14:47:58";"2020-01-27 14:47:58"
23;"C7";"2020-01-27 14:47:58";"2020-01-27 14:47:58"
23;"Stingray";"2020-01-27 14:47:58";"2020-01-27 14:47:58"
24;"Ateca";"2020-01-27 14:47:58";"2020-01-27 14:47:58"
26;"Duster";"2020-01-27 14:47:58";"2020-01-27 14:47:58"
26;"Logan Mcv";"2020-01-27 14:47:58";"2020-01-27 14:47:58"
26;"Logan Mcv Stepway";"2020-01-27 14:47:58";"2020-01-27 14:47:58"
26;"Sandero";"2020-01-27 14:47:58";"2020-01-27 14:47:58"
26;"Sandero Stepway";"2020-01-27 14:47:58";"2020-01-27 14:47:58"
27;"Kalos";"2020-01-27 14:47:58";"2020-01-27 14:47:58"
27;"Matiz";"2020-01-27 14:47:58";"2020-01-27 14:47:58"
27;"Nubira";"2020-01-27 14:47:58";"2020-01-27 14:47:58"
28;"Charade";"2020-01-27 14:47:58";"2020-01-27 14:47:58"
28;"Copen";"2020-01-27 14:47:58";"2020-01-27 14:47:58"
28;"Fourtrak";"2020-01-27 14:47:58";"2020-01-27 14:47:58"
28;"Materia";"2020-01-27 14:47:58";"2020-01-27 14:47:58"
28;"Sirion";"2020-01-27 14:47:58";"2020-01-27 14:47:58"
28;"Terios";"2020-01-27 14:47:58";"2020-01-27 14:47:58"
28;"Yrv";"2020-01-27 14:47:58";"2020-01-27 14:47:58"
29;"Double Six";"2020-01-27 14:47:58";"2020-01-27 14:47:58"
29;"Saloon";"2020-01-27 14:47:58";"2020-01-27 14:47:58"
29;"Sovereign";"2020-01-27 14:47:58";"2020-01-27 14:47:58"
29;"Super Eight";"2020-01-27 14:47:58";"2020-01-27 14:47:58"
29;"Xj Series";"2020-01-27 14:47:58";"2020-01-27 14:47:58"
30;"280z";"2020-01-27 14:47:58";"2020-01-27 14:47:58"
30;"Stanza";"2020-01-27 14:47:58";"2020-01-27 14:47:58"
31;"Rush";"2020-01-27 14:47:58";"2020-01-27 14:47:58"
32;"Avenger";"2020-01-27 14:47:58";"2020-01-27 14:47:58"
32;"Caliber";"2020-01-27 14:47:58";"2020-01-27 14:47:58"
32;"Challenger";"2020-01-27 14:47:58";"2020-01-27 14:47:58"
32;"Charger";"2020-01-27 14:47:58";"2020-01-27 14:47:58"
32;"Durango";"2020-01-27 14:47:58";"2020-01-27 14:47:58"
32;"Journey";"2020-01-27 14:47:58";"2020-01-27 14:47:58"
32;"Nitro";"2020-01-27 14:47:58";"2020-01-27 14:47:58"
32;"Ram";"2020-01-27 14:47:58";"2020-01-27 14:47:58"
32;"Viper";"2020-01-27 14:47:58";"2020-01-27 14:47:58"
33;"Ds 3";"2020-01-27 14:47:58";"2020-01-27 14:47:58"
33;"Ds 3 Cabrio";"2020-01-27 14:47:58";"2020-01-27 14:47:58"
33;"Ds 3 Crossback";"2020-01-27 14:47:58";"2020-01-27 14:47:58"
33;"Ds 4";"2020-01-27 14:47:58";"2020-01-27 14:47:58"
33;"Ds 4 Crossback";"2020-01-27 14:47:58";"2020-01-27 14:47:58"
33;"Ds 5";"2020-01-27 14:47:58";"2020-01-27 14:47:58"
33;"Ds 7 Crossback";"2020-01-27 14:47:58";"2020-01-27 14:47:58"
34;"246";"2020-01-27 14:47:58";"2020-01-27 14:47:58"
34;"250";"2020-01-27 14:47:58";"2020-01-27 14:47:58"
34;"288";"2020-01-27 14:47:58";"2020-01-27 14:47:58"
34;"308";"2020-01-27 14:47:58";"2020-01-27 14:47:58"
34;"328";"2020-01-27 14:47:58";"2020-01-27 14:47:58"
34;"348";"2020-01-27 14:47:58";"2020-01-27 14:47:58"
34;"355 F1";"2020-01-27 14:47:58";"2020-01-27 14:47:58"
34;"360";"2020-01-27 14:47:58";"2020-01-27 14:47:58"
34;"365";"2020-01-27 14:47:58";"2020-01-27 14:47:58"
34;"430";"2020-01-27 14:47:58";"2020-01-27 14:47:58"
34;"456";"2020-01-27 14:47:58";"2020-01-27 14:47:58"
34;"456m";"2020-01-27 14:47:58";"2020-01-27 14:47:58"
34;"458";"2020-01-27 14:47:58";"2020-01-27 14:47:58"
34;"488";"2020-01-27 14:47:58";"2020-01-27 14:47:58"
34;"488 Pista";"2020-01-27 14:47:58";"2020-01-27 14:47:58"
34;"512";"2020-01-27 14:47:58";"2020-01-27 14:47:58"
34;"550";"2020-01-27 14:47:58";"2020-01-27 14:47:58"
34;"575m";"2020-01-27 14:47:58";"2020-01-27 14:47:58"
34;"599";"2020-01-27 14:47:58";"2020-01-27 14:47:58"
34;"612";"2020-01-27 14:47:58";"2020-01-27 14:47:58"
34;"812 Superfast";"2020-01-27 14:47:58";"2020-01-27 14:47:58"
34;"California";"2020-01-27 14:47:58";"2020-01-27 14:47:58"
34;"Daytona";"2020-01-27 14:47:58";"2020-01-27 14:47:58"
34;"Dino";"2020-01-27 14:47:58";"2020-01-27 14:47:58"
34;"Enzo";"2020-01-27 14:47:59";"2020-01-27 14:47:59"
34;"F12berlinetta";"2020-01-27 14:47:59";"2020-01-27 14:47:59"
34;"F12tdf";"2020-01-27 14:47:59";"2020-01-27 14:47:59"
34;"F355";"2020-01-27 14:47:59";"2020-01-27 14:47:59"
34;"F40";"2020-01-27 14:47:59";"2020-01-27 14:47:59"
34;"F430";"2020-01-27 14:47:59";"2020-01-27 14:47:59"
34;"F512";"2020-01-27 14:47:59";"2020-01-27 14:47:59"
34;"Ff";"2020-01-27 14:47:59";"2020-01-27 14:47:59"
34;"Gtc4lusso";"2020-01-27 14:47:59";"2020-01-27 14:47:59"
34;"Laferrari";"2020-01-27 14:47:59";"2020-01-27 14:47:59"
34;"Mondial";"2020-01-27 14:47:59";"2020-01-27 14:47:59"
34;"Portofino";"2020-01-27 14:47:59";"2020-01-27 14:47:59"
34;"Scuderia Spider";"2020-01-27 14:47:59";"2020-01-27 14:47:59"
34;"Superamerica";"2020-01-27 14:47:59";"2020-01-27 14:47:59"
34;"Testarossa";"2020-01-27 14:47:59";"2020-01-27 14:47:59"
35;"124 Spider";"2020-01-27 14:47:59";"2020-01-27 14:47:59"
35;"126";"2020-01-27 14:47:59";"2020-01-27 14:47:59"
35;"2300";"2020-01-27 14:47:59";"2020-01-27 14:47:59"
35;"500";"2020-01-27 14:47:59";"2020-01-27 14:47:59"
35;"500c";"2020-01-27 14:47:59";"2020-01-27 14:47:59"
35;"500l";"2020-01-27 14:47:59";"2020-01-27 14:47:59"
35;"500x";"2020-01-27 14:47:59";"2020-01-27 14:47:59"
35;"600";"2020-01-27 14:47:59";"2020-01-27 14:47:59"
35;"Abarth";"2020-01-27 14:47:59";"2020-01-27 14:47:59"
35;"Barchetta";"2020-01-27 14:47:59";"2020-01-27 14:47:59"
35;"Bravo";"2020-01-27 14:47:59";"2020-01-27 14:47:59"
35;"Cinquecento";"2020-01-27 14:47:59";"2020-01-27 14:47:59"
35;"Coupe";"2020-01-27 14:47:59";"2020-01-27 14:47:59"
35;"Croma";"2020-01-27 14:47:59";"2020-01-27 14:47:59"
35;"Doblo";"2020-01-27 14:47:59";"2020-01-27 14:47:59"
35;"Ducato";"2020-01-27 14:47:59";"2020-01-27 14:47:59"
35;"Fiorino";"2020-01-27 14:47:59";"2020-01-27 14:47:59"
35;"Fullback";"2020-01-27 14:47:59";"2020-01-27 14:47:59"
35;"Grande Punto";"2020-01-27 14:47:59";"2020-01-27 14:47:59"
35;"Idea";"2020-01-27 14:47:59";"2020-01-27 14:47:59"
35;"Multipla";"2020-01-27 14:47:59";"2020-01-27 14:47:59"
35;"Panda";"2020-01-27 14:47:59";"2020-01-27 14:47:59"
35;"Punto";"2020-01-27 14:47:59";"2020-01-27 14:47:59"
35;"Punto Evo";"2020-01-27 14:47:59";"2020-01-27 14:47:59"
35;"Qubo";"2020-01-27 14:47:59";"2020-01-27 14:47:59"
35;"Scudo";"2020-01-27 14:47:59";"2020-01-27 14:47:59"
35;"Sedici";"2020-01-27 14:47:59";"2020-01-27 14:47:59"
35;"Seicento";"2020-01-27 14:47:59";"2020-01-27 14:47:59"
35;"Spider";"2020-01-27 14:47:59";"2020-01-27 14:47:59"
35;"Stilo";"2020-01-27 14:47:59";"2020-01-27 14:47:59"
35;"Talento";"2020-01-27 14:47:59";"2020-01-27 14:47:59"
35;"Tipo";"2020-01-27 14:47:59";"2020-01-27 14:47:59"
35;"Ulysse";"2020-01-27 14:47:59";"2020-01-27 14:47:59"
35;"X1/9";"2020-01-27 14:47:59";"2020-01-27 14:47:59"
36;"B-max";"2020-01-27 14:47:59";"2020-01-27 14:47:59"
36;"C-max";"2020-01-27 14:47:59";"2020-01-27 14:47:59"
36;"Capri";"2020-01-27 14:47:59";"2020-01-27 14:47:59"
36;"Cortina";"2020-01-27 14:47:59";"2020-01-27 14:47:59"
36;"Cougar";"2020-01-27 14:47:59";"2020-01-27 14:47:59"
36;"Econoline";"2020-01-27 14:47:59";"2020-01-27 14:47:59"
36;"Ecosport";"2020-01-27 14:47:59";"2020-01-27 14:47:59"
36;"Edge";"2020-01-27 14:47:59";"2020-01-27 14:47:59"
36;"Escort";"2020-01-27 14:47:59";"2020-01-27 14:47:59"
36;"Expedition";"2020-01-27 14:47:59";"2020-01-27 14:47:59"
36;"Explorer";"2020-01-27 14:47:59";"2020-01-27 14:47:59"
36;"F1";"2020-01-27 14:47:59";"2020-01-27 14:47:59"
36;"F150";"2020-01-27 14:47:59";"2020-01-27 14:47:59"
36;"F350";"2020-01-27 14:47:59";"2020-01-27 14:47:59"
36;"Fiesta";"2020-01-27 14:47:59";"2020-01-27 14:47:59"
36;"Focus";"2020-01-27 14:47:59";"2020-01-27 14:47:59"
36;"Focus C-max";"2020-01-27 14:47:59";"2020-01-27 14:47:59"
36;"Focus CC";"2020-01-27 14:47:59";"2020-01-27 14:47:59"
36;"Freda";"2020-01-27 14:47:59";"2020-01-27 14:47:59"
36;"Fusion";"2020-01-27 14:47:59";"2020-01-27 14:47:59"
36;"Galaxy";"2020-01-27 14:47:59";"2020-01-27 14:47:59"
36;"Grand C-max";"2020-01-27 14:47:59";"2020-01-27 14:47:59"
36;"Grand Tourneo Connect";"2020-01-27 14:47:59";"2020-01-27 14:47:59"
36;"GT";"2020-01-27 14:47:59";"2020-01-27 14:47:59"
36;"Ka";"2020-01-27 14:47:59";"2020-01-27 14:47:59"
36;"Ka+";"2020-01-27 14:47:59";"2020-01-27 14:47:59"
36;"Kuga";"2020-01-27 14:47:59";"2020-01-27 14:47:59"
36;"Mondeo";"2020-01-27 14:47:59";"2020-01-27 14:47:59"
36;"Mustang";"2020-01-27 14:47:59";"2020-01-27 14:47:59"
36;"Orion";"2020-01-27 14:47:59";"2020-01-27 14:47:59"
36;"Popular";"2020-01-27 14:47:59";"2020-01-27 14:47:59"
36;"Probe";"2020-01-27 14:47:59";"2020-01-27 14:47:59"
36;"Puma";"2020-01-27 14:47:59";"2020-01-27 14:47:59"
36;"Ranger";"2020-01-27 14:47:59";"2020-01-27 14:47:59"
36;"S-MAX";"2020-01-27 14:47:59";"2020-01-27 14:47:59"
36;"Sierra";"2020-01-27 14:47:59";"2020-01-27 14:47:59"
36;"Streetka";"2020-01-27 14:47:59";"2020-01-27 14:47:59"
36;"Thunderbird";"2020-01-27 14:47:59";"2020-01-27 14:47:59"
36;"Tourneo Connect";"2020-01-27 14:47:59";"2020-01-27 14:47:59"
36;"Tourneo Courier";"2020-01-27 14:47:59";"2020-01-27 14:47:59"
36;"Tourneo Custom";"2020-01-27 14:47:59";"2020-01-27 14:47:59"
36;"Transit";"2020-01-27 14:47:59";"2020-01-27 14:47:59"
36;"Transit Connect";"2020-01-27 14:47:59";"2020-01-27 14:47:59"
36;"Transit Courier";"2020-01-27 14:47:59";"2020-01-27 14:47:59"
36;"Transit Custom";"2020-01-27 14:47:59";"2020-01-27 14:47:59"
37;"Pickup";"2020-01-27 14:47:59";"2020-01-27 14:47:59"
37;"Sierra";"2020-01-27 14:47:59";"2020-01-27 14:47:59"
37;"Yukon";"2020-01-27 14:47:59";"2020-01-27 14:47:59"
38;"Steed";"2020-01-27 14:47:59";"2020-01-27 14:47:59"
39;"Commodore";"2020-01-27 14:47:59";"2020-01-27 14:47:59"
39;"Maloo";"2020-01-27 14:47:59";"2020-01-27 14:47:59"
39;"Ss";"2020-01-27 14:47:59";"2020-01-27 14:47:59"
40;"Accord";"2020-01-27 14:47:59";"2020-01-27 14:47:59"
40;"Civic";"2020-01-27 14:47:59";"2020-01-27 14:47:59"
40;"CR-V";"2020-01-27 14:47:59";"2020-01-27 14:47:59"
40;"CR-Z";"2020-01-27 14:47:59";"2020-01-27 14:47:59"
40;"Crossroad";"2020-01-27 14:47:59";"2020-01-27 14:47:59"
40;"Elysion";"2020-01-27 14:47:59";"2020-01-27 14:47:59"
40;"FR-V";"2020-01-27 14:47:59";"2020-01-27 14:47:59"
40;"HR-V";"2020-01-27 14:47:59";"2020-01-27 14:47:59"
40;"Insight";"2020-01-27 14:47:59";"2020-01-27 14:47:59"
40;"Integra";"2020-01-27 14:47:59";"2020-01-27 14:47:59"
40;"Jazz";"2020-01-27 14:47:59";"2020-01-27 14:47:59"
40;"Legend";"2020-01-27 14:47:59";"2020-01-27 14:47:59"
40;"Mobilo";"2020-01-27 14:47:59";"2020-01-27 14:47:59"
40;"Nsx";"2020-01-27 14:47:59";"2020-01-27 14:47:59"
40;"Odyssey";"2020-01-27 14:47:59";"2020-01-27 14:47:59"
40;"Prelude";"2020-01-27 14:47:59";"2020-01-27 14:47:59"
40;"S2000";"2020-01-27 14:47:59";"2020-01-27 14:47:59"
40;"Stepwagon";"2020-01-27 14:47:59";"2020-01-27 14:47:59"
40;"Stream";"2020-01-27 14:47:59";"2020-01-27 14:47:59"
41;"Hawk";"2020-01-27 14:47:59";"2020-01-27 14:47:59"
42;"H1";"2020-01-27 14:47:59";"2020-01-27 14:47:59"
42;"H2";"2020-01-27 14:47:59";"2020-01-27 14:47:59"
42;"H3";"2020-01-27 14:47:59";"2020-01-27 14:47:59"
43;"Accent";"2020-01-27 14:47:59";"2020-01-27 14:47:59"
43;"Amica";"2020-01-27 14:47:59";"2020-01-27 14:47:59"
43;"Coupe";"2020-01-27 14:47:59";"2020-01-27 14:47:59"
43;"Elantra";"2020-01-27 14:47:59";"2020-01-27 14:47:59"
43;"Genesis";"2020-01-27 14:47:59";"2020-01-27 14:47:59"
43;"Getz";"2020-01-27 14:47:59";"2020-01-27 14:47:59"
43;"I10";"2020-01-27 14:47:59";"2020-01-27 14:47:59"
43;"I20";"2020-01-27 14:47:59";"2020-01-27 14:47:59"
43;"I30";"2020-01-27 14:47:59";"2020-01-27 14:47:59"
43;"I40";"2020-01-27 14:47:59";"2020-01-27 14:47:59"
43;"I800";"2020-01-27 14:47:59";"2020-01-27 14:47:59"
43;"Ioniq";"2020-01-27 14:47:59";"2020-01-27 14:47:59"
43;"Ix20";"2020-01-27 14:47:59";"2020-01-27 14:47:59"
43;"Ix35";"2020-01-27 14:47:59";"2020-01-27 14:47:59"
43;"Kona";"2020-01-27 14:47:59";"2020-01-27 14:47:59"
43;"Matrix";"2020-01-27 14:47:59";"2020-01-27 14:47:59"
43;"S-Coupe";"2020-01-27 14:47:59";"2020-01-27 14:47:59"
43;"Santa Fe";"2020-01-27 14:47:59";"2020-01-27 14:47:59"
43;"Sonata";"2020-01-27 14:47:59";"2020-01-27 14:47:59"
43;"Terracan";"2020-01-27 14:47:59";"2020-01-27 14:47:59"
43;"Trajet";"2020-01-27 14:47:59";"2020-01-27 14:47:59"
43;"Tucson";"2020-01-27 14:47:59";"2020-01-27 14:47:59"
43;"Veloster";"2020-01-27 14:47:59";"2020-01-27 14:47:59"
44;"Ex";"2020-01-27 14:47:59";"2020-01-27 14:47:59"
44;"Fx";"2020-01-27 14:47:59";"2020-01-27 14:47:59"
44;"G";"2020-01-27 14:47:59";"2020-01-27 14:47:59"
44;"M";"2020-01-27 14:47:59";"2020-01-27 14:47:59"
44;"Q30";"2020-01-27 14:47:59";"2020-01-27 14:47:59"
44;"Q50";"2020-01-27 14:47:59";"2020-01-27 14:47:59"
44;"Q60";"2020-01-27 14:47:59";"2020-01-27 14:47:59"
44;"Q70";"2020-01-27 14:48:00";"2020-01-27 14:48:00"
44;"Qx30";"2020-01-27 14:48:00";"2020-01-27 14:48:00"
44;"Qx50";"2020-01-27 14:48:00";"2020-01-27 14:48:00"
44;"Qx70";"2020-01-27 14:48:00";"2020-01-27 14:48:00"
45;"D-max";"2020-01-27 14:48:00";"2020-01-27 14:48:00"
45;"Gemini";"2020-01-27 14:48:00";"2020-01-27 14:48:00"
45;"Rodeo";"2020-01-27 14:48:00";"2020-01-27 14:48:00"
45;"TF";"2020-01-27 14:48:00";"2020-01-27 14:48:00"
45;"Trooper";"2020-01-27 14:48:00";"2020-01-27 14:48:00"
46;"C-Type";"2020-01-27 14:48:00";"2020-01-27 14:48:00"
46;"E-Pace";"2020-01-27 14:48:00";"2020-01-27 14:48:00"
46;"E-Type";"2020-01-27 14:48:00";"2020-01-27 14:48:00"
46;"F-Pace";"2020-01-27 14:48:00";"2020-01-27 14:48:00"
46;"F-Type";"2020-01-27 14:48:00";"2020-01-27 14:48:00"
46;"I-Pace";"2020-01-27 14:48:00";"2020-01-27 14:48:00"
46;"Mark II";"2020-01-27 14:48:00";"2020-01-27 14:48:00"
46;"S-Type";"2020-01-27 14:48:00";"2020-01-27 14:48:00"
46;"X-Type";"2020-01-27 14:48:00";"2020-01-27 14:48:00"
46;"XE";"2020-01-27 14:48:00";"2020-01-27 14:48:00"
46;"XF";"2020-01-27 14:48:00";"2020-01-27 14:48:00"
46;"XJ";"2020-01-27 14:48:00";"2020-01-27 14:48:00"
46;"XJ220";"2020-01-27 14:48:00";"2020-01-27 14:48:00"
46;"XJR-S";"2020-01-27 14:48:00";"2020-01-27 14:48:00"
46;"XJS";"2020-01-27 14:48:00";"2020-01-27 14:48:00"
46;"XK";"2020-01-27 14:48:00";"2020-01-27 14:48:00"
46;"XK120";"2020-01-27 14:48:00";"2020-01-27 14:48:00"
46;"Xk150";"2020-01-27 14:48:00";"2020-01-27 14:48:00"
46;"XK8";"2020-01-27 14:48:00";"2020-01-27 14:48:00"
46;"XKR";"2020-01-27 14:48:00";"2020-01-27 14:48:00"
46;"XKR-S";"2020-01-27 14:48:00";"2020-01-27 14:48:00"
46;"XKSS";"2020-01-27 14:48:00";"2020-01-27 14:48:00"
47;"Cherokee";"2020-01-27 14:48:00";"2020-01-27 14:48:00"
47;"Commander";"2020-01-27 14:48:00";"2020-01-27 14:48:00"
47;"Compass";"2020-01-27 14:48:00";"2020-01-27 14:48:00"
47;"Grand Cherokee";"2020-01-27 14:48:00";"2020-01-27 14:48:00"
47;"Patriot";"2020-01-27 14:48:00";"2020-01-27 14:48:00"
47;"Renegade";"2020-01-27 14:48:00";"2020-01-27 14:48:00"
47;"Wrangler";"2020-01-27 14:48:00";"2020-01-27 14:48:00"
48;"Interceptor";"2020-01-27 14:48:00";"2020-01-27 14:48:00"
49;"Carens";"2020-01-27 14:48:00";"2020-01-27 14:48:00"
49;"Ceed";"2020-01-27 14:48:00";"2020-01-27 14:48:00"
49;"Cerato";"2020-01-27 14:48:00";"2020-01-27 14:48:00"
49;"Magentis";"2020-01-27 14:48:00";"2020-01-27 14:48:00"
49;"Niro";"2020-01-27 14:48:00";"2020-01-27 14:48:00"
49;"Optima";"2020-01-27 14:48:00";"2020-01-27 14:48:00"
49;"Picanto";"2020-01-27 14:48:00";"2020-01-27 14:48:00"
49;"Proceed";"2020-01-27 14:48:00";"2020-01-27 14:48:00"
49;"Rio";"2020-01-27 14:48:00";"2020-01-27 14:48:00"
49;"Sedona";"2020-01-27 14:48:00";"2020-01-27 14:48:00"
49;"Sorento";"2020-01-27 14:48:00";"2020-01-27 14:48:00"
49;"Soul";"2020-01-27 14:48:00";"2020-01-27 14:48:00"
49;"Sportage";"2020-01-27 14:48:00";"2020-01-27 14:48:00"
49;"Stinger";"2020-01-27 14:48:00";"2020-01-27 14:48:00"
49;"Stonic";"2020-01-27 14:48:00";"2020-01-27 14:48:00"
49;"Venga";"2020-01-27 14:48:00";"2020-01-27 14:48:00"
49;"Xceed";"2020-01-27 14:48:00";"2020-01-27 14:48:00"
50;"Ccx";"2020-01-27 14:48:00";"2020-01-27 14:48:00"
52;"Aventador";"2020-01-27 14:48:00";"2020-01-27 14:48:00"
52;"Countach";"2020-01-27 14:48:00";"2020-01-27 14:48:00"
52;"Diablo";"2020-01-27 14:48:00";"2020-01-27 14:48:00"
52;"Gallardo";"2020-01-27 14:48:00";"2020-01-27 14:48:00"
52;"Huracan";"2020-01-27 14:48:00";"2020-01-27 14:48:00"
52;"Jalpa";"2020-01-27 14:48:00";"2020-01-27 14:48:00"
52;"Miura";"2020-01-27 14:48:00";"2020-01-27 14:48:00"
52;"Murcielago";"2020-01-27 14:48:00";"2020-01-27 14:48:00"
52;"Urus";"2020-01-27 14:48:00";"2020-01-27 14:48:00"
53;"Beta";"2020-01-27 14:48:00";"2020-01-27 14:48:00"
53;"Delta";"2020-01-27 14:48:00";"2020-01-27 14:48:00"
53;"Gran Turismo";"2020-01-27 14:48:00";"2020-01-27 14:48:00"
54;"110";"2020-01-27 14:48:00";"2020-01-27 14:48:00"
54;"90";"2020-01-27 14:48:00";"2020-01-27 14:48:00"
54;"Defender 110";"2020-01-27 14:48:00";"2020-01-27 14:48:00"
54;"Defender 130";"2020-01-27 14:48:00";"2020-01-27 14:48:00"
54;"Defender 90";"2020-01-27 14:48:00";"2020-01-27 14:48:00"
54;"Defender Unspecified";"2020-01-27 14:48:00";"2020-01-27 14:48:00"
54;"Discovery";"2020-01-27 14:48:00";"2020-01-27 14:48:00"
54;"Discovery 3";"2020-01-27 14:48:00";"2020-01-27 14:48:00"
54;"Discovery 4";"2020-01-27 14:48:00";"2020-01-27 14:48:00"
54;"Discovery Sport";"2020-01-27 14:48:00";"2020-01-27 14:48:00"
54;"Freelander";"2020-01-27 14:48:00";"2020-01-27 14:48:00"
54;"Freelander 2";"2020-01-27 14:48:00";"2020-01-27 14:48:00"
54;"Lightweight";"2020-01-27 14:48:00";"2020-01-27 14:48:00"
54;"Modified";"2020-01-27 14:48:00";"2020-01-27 14:48:00"
54;"Range Rover";"2020-01-27 14:48:00";"2020-01-27 14:48:00"
54;"Range Rover Evoque";"2020-01-27 14:48:00";"2020-01-27 14:48:00"
54;"Range Rover Sport";"2020-01-27 14:48:00";"2020-01-27 14:48:00"
54;"Range Rover Velar";"2020-01-27 14:48:00";"2020-01-27 14:48:00"
54;"Series I";"2020-01-27 14:48:00";"2020-01-27 14:48:00"
54;"Series II";"2020-01-27 14:48:00";"2020-01-27 14:48:00"
54;"Series III";"2020-01-27 14:48:00";"2020-01-27 14:48:00"
55;"TX";"2020-01-27 14:48:00";"2020-01-27 14:48:00"
56;"CT 200h";"2020-01-27 14:48:00";"2020-01-27 14:48:00"
56;"ES 300h";"2020-01-27 14:48:00";"2020-01-27 14:48:00"
56;"GS 250";"2020-01-27 14:48:00";"2020-01-27 14:48:00"
56;"GS 300";"2020-01-27 14:48:00";"2020-01-27 14:48:00"
56;"GS 430";"2020-01-27 14:48:00";"2020-01-27 14:48:00"
56;"GS 450h";"2020-01-27 14:48:00";"2020-01-27 14:48:00"
56;"GS 460";"2020-01-27 14:48:00";"2020-01-27 14:48:00"
56;"GS Unspecified";"2020-01-27 14:48:00";"2020-01-27 14:48:00"
56;"IS 200";"2020-01-27 14:48:00";"2020-01-27 14:48:00"
56;"IS 220d";"2020-01-27 14:48:00";"2020-01-27 14:48:00"
56;"IS 250";"2020-01-27 14:48:00";"2020-01-27 14:48:00"
56;"IS 300";"2020-01-27 14:48:00";"2020-01-27 14:48:00"
56;"IS F";"2020-01-27 14:48:00";"2020-01-27 14:48:00"
56;"IS Unspecified";"2020-01-27 14:48:00";"2020-01-27 14:48:00"
56;"LC 500";"2020-01-27 14:48:00";"2020-01-27 14:48:00"
56;"LS 400";"2020-01-27 14:48:00";"2020-01-27 14:48:00"
56;"LS 430";"2020-01-27 14:48:00";"2020-01-27 14:48:00"
56;"LS 460";"2020-01-27 14:48:00";"2020-01-27 14:48:00"
56;"LS 500h";"2020-01-27 14:48:00";"2020-01-27 14:48:00"
56;"LS 600h";"2020-01-27 14:48:00";"2020-01-27 14:48:00"
56;"LS Unspecified";"2020-01-27 14:48:00";"2020-01-27 14:48:00"
56;"NX 200t";"2020-01-27 14:48:00";"2020-01-27 14:48:00"
56;"NX 300h";"2020-01-27 14:48:00";"2020-01-27 14:48:00"
56;"NX Unspecified";"2020-01-27 14:48:00";"2020-01-27 14:48:00"
56;"RC 200t";"2020-01-27 14:48:00";"2020-01-27 14:48:00"
56;"RC 300h";"2020-01-27 14:48:00";"2020-01-27 14:48:00"
56;"RC F";"2020-01-27 14:48:00";"2020-01-27 14:48:00"
56;"RX 200t";"2020-01-27 14:48:00";"2020-01-27 14:48:00"
56;"RX 300";"2020-01-27 14:48:00";"2020-01-27 14:48:00"
56;"RX 350";"2020-01-27 14:48:00";"2020-01-27 14:48:00"
56;"RX 400h";"2020-01-27 14:48:00";"2020-01-27 14:48:00"
56;"RX 450h";"2020-01-27 14:48:00";"2020-01-27 14:48:00"
56;"RX L 450h";"2020-01-27 14:48:00";"2020-01-27 14:48:00"
56;"RX Unspecified";"2020-01-27 14:48:00";"2020-01-27 14:48:00"
56;"SC 430";"2020-01-27 14:48:00";"2020-01-27 14:48:00"
56;"UX 250h";"2020-01-27 14:48:00";"2020-01-27 14:48:00"
57;"Mini";"2020-01-27 14:48:00";"2020-01-27 14:48:00"
58;"Aviator";"2020-01-27 14:48:00";"2020-01-27 14:48:00"
58;"MKX";"2020-01-27 14:48:00";"2020-01-27 14:48:00"
58;"Navigator";"2020-01-27 14:48:00";"2020-01-27 14:48:00"
58;"Town Car";"2020-01-27 14:48:00";"2020-01-27 14:48:00"
59;"TX4";"2020-01-27 14:48:00";"2020-01-27 14:48:00"
59;"TXII";"2020-01-27 14:48:00";"2020-01-27 14:48:00"
60;"3-eleven";"2020-01-27 14:48:00";"2020-01-27 14:48:00"
60;"340r";"2020-01-27 14:48:00";"2020-01-27 14:48:00"
60;"Eclat";"2020-01-27 14:48:00";"2020-01-27 14:48:00"
60;"Elan";"2020-01-27 14:48:00";"2020-01-27 14:48:00"
60;"Elise";"2020-01-27 14:48:00";"2020-01-27 14:48:00"
60;"Elise S";"2020-01-27 14:48:00";"2020-01-27 14:48:00"
60;"Esprit";"2020-01-27 14:48:00";"2020-01-27 14:48:00"
60;"Europa";"2020-01-27 14:48:00";"2020-01-27 14:48:00"
60;"Evora";"2020-01-27 14:48:00";"2020-01-27 14:48:00"
60;"Exige";"2020-01-27 14:48:00";"2020-01-27 14:48:00"
60;"Seven";"2020-01-27 14:48:00";"2020-01-27 14:48:00"
61;"3200";"2020-01-27 14:48:00";"2020-01-27 14:48:00"
61;"4200";"2020-01-27 14:48:00";"2020-01-27 14:48:00"
61;"Biturbo";"2020-01-27 14:48:00";"2020-01-27 14:48:00"
61;"Coupe";"2020-01-27 14:48:00";"2020-01-27 14:48:00"
61;"Ghibli";"2020-01-27 14:48:01";"2020-01-27 14:48:01"
61;"Grancabrio";"2020-01-27 14:48:01";"2020-01-27 14:48:01"
61;"Gransport";"2020-01-27 14:48:01";"2020-01-27 14:48:01"
61;"Granturismo";"2020-01-27 14:48:01";"2020-01-27 14:48:01"
61;"Indy";"2020-01-27 14:48:01";"2020-01-27 14:48:01"
61;"Levante";"2020-01-27 14:48:01";"2020-01-27 14:48:01"
61;"Merak";"2020-01-27 14:48:01";"2020-01-27 14:48:01"
61;"Quattroporte";"2020-01-27 14:48:01";"2020-01-27 14:48:01"
61;"Shamal";"2020-01-27 14:48:01";"2020-01-27 14:48:01"
61;"Spyder";"2020-01-27 14:48:01";"2020-01-27 14:48:01"
62;"57";"2020-01-27 14:48:01";"2020-01-27 14:48:01"
62;"62";"2020-01-27 14:48:01";"2020-01-27 14:48:01"
63;"121";"2020-01-27 14:48:01";"2020-01-27 14:48:01"
63;"323";"2020-01-27 14:48:01";"2020-01-27 14:48:01"
63;"626";"2020-01-27 14:48:01";"2020-01-27 14:48:01"
63;"B2500";"2020-01-27 14:48:01";"2020-01-27 14:48:01"
63;"Bongo";"2020-01-27 14:48:01";"2020-01-27 14:48:01"
63;"BT-50";"2020-01-27 14:48:01";"2020-01-27 14:48:01"
63;"CX-3";"2020-01-27 14:48:01";"2020-01-27 14:48:01"
63;"CX-30";"2020-01-27 14:48:01";"2020-01-27 14:48:01"
63;"CX-5";"2020-01-27 14:48:01";"2020-01-27 14:48:01"
63;"CX-7";"2020-01-27 14:48:01";"2020-01-27 14:48:01"
63;"Demio";"2020-01-27 14:48:01";"2020-01-27 14:48:01"
63;"Eunos";"2020-01-27 14:48:01";"2020-01-27 14:48:01"
63;"Mazda2";"2020-01-27 14:48:01";"2020-01-27 14:48:01"
63;"Mazda3";"2020-01-27 14:48:01";"2020-01-27 14:48:01"
63;"Mazda5";"2020-01-27 14:48:01";"2020-01-27 14:48:01"
63;"Mazda6";"2020-01-27 14:48:01";"2020-01-27 14:48:01"
63;"MX-3";"2020-01-27 14:48:01";"2020-01-27 14:48:01"
63;"MX-5";"2020-01-27 14:48:01";"2020-01-27 14:48:01"
63;"MX-5 RF";"2020-01-27 14:48:01";"2020-01-27 14:48:01"
63;"MX-6";"2020-01-27 14:48:01";"2020-01-27 14:48:01"
63;"Premacy";"2020-01-27 14:48:01";"2020-01-27 14:48:01"
63;"RX-7";"2020-01-27 14:48:01";"2020-01-27 14:48:01"
63;"RX-8";"2020-01-27 14:48:01";"2020-01-27 14:48:01"
63;"Tribute";"2020-01-27 14:48:01";"2020-01-27 14:48:01"
64;"12c";"2020-01-27 14:48:01";"2020-01-27 14:48:01"
64;"540c";"2020-01-27 14:48:01";"2020-01-27 14:48:01"
64;"570gt";"2020-01-27 14:48:01";"2020-01-27 14:48:01"
64;"570s";"2020-01-27 14:48:01";"2020-01-27 14:48:01"
64;"600lt";"2020-01-27 14:48:01";"2020-01-27 14:48:01"
64;"650s";"2020-01-27 14:48:01";"2020-01-27 14:48:01"
64;"675lt";"2020-01-27 14:48:01";"2020-01-27 14:48:01"
64;"720s";"2020-01-27 14:48:01";"2020-01-27 14:48:01"
64;"P1";"2020-01-27 14:48:01";"2020-01-27 14:48:01"
64;"Senna";"2020-01-27 14:48:01";"2020-01-27 14:48:01"
65;"190";"2020-01-27 14:48:01";"2020-01-27 14:48:01"
65;"190 Sl";"2020-01-27 14:48:01";"2020-01-27 14:48:01"
65;"200";"2020-01-27 14:48:01";"2020-01-27 14:48:01"
65;"220";"2020-01-27 14:48:01";"2020-01-27 14:48:01"
65;"230";"2020-01-27 14:48:01";"2020-01-27 14:48:01"
65;"250";"2020-01-27 14:48:01";"2020-01-27 14:48:01"
65;"260";"2020-01-27 14:48:01";"2020-01-27 14:48:01"
65;"280";"2020-01-27 14:48:01";"2020-01-27 14:48:01"
65;"300";"2020-01-27 14:48:01";"2020-01-27 14:48:01"
65;"320";"2020-01-27 14:48:01";"2020-01-27 14:48:01"
65;"350";"2020-01-27 14:48:01";"2020-01-27 14:48:01"
65;"380";"2020-01-27 14:48:01";"2020-01-27 14:48:01"
65;"420";"2020-01-27 14:48:01";"2020-01-27 14:48:01"
65;"450";"2020-01-27 14:48:01";"2020-01-27 14:48:01"
65;"500";"2020-01-27 14:48:01";"2020-01-27 14:48:01"
65;"560";"2020-01-27 14:48:01";"2020-01-27 14:48:01"
65;"A Class";"2020-01-27 14:48:01";"2020-01-27 14:48:01"
65;"Amg";"2020-01-27 14:48:01";"2020-01-27 14:48:01"
65;"Amg Gt";"2020-01-27 14:48:01";"2020-01-27 14:48:01"
65;"B Class";"2020-01-27 14:48:01";"2020-01-27 14:48:01"
65;"C Class";"2020-01-27 14:48:01";"2020-01-27 14:48:01"
65;"Ce Class";"2020-01-27 14:48:01";"2020-01-27 14:48:01"
65;"Citan";"2020-01-27 14:48:01";"2020-01-27 14:48:01"
65;"CL";"2020-01-27 14:48:01";"2020-01-27 14:48:01"
65;"CLA Class";"2020-01-27 14:48:01";"2020-01-27 14:48:01"
65;"CLC Class";"2020-01-27 14:48:01";"2020-01-27 14:48:01"
65;"CLK";"2020-01-27 14:48:01";"2020-01-27 14:48:01"
65;"CLS";"2020-01-27 14:48:01";"2020-01-27 14:48:01"
65;"E Class";"2020-01-27 14:48:01";"2020-01-27 14:48:01"
65;"EQC";"2020-01-27 14:48:01";"2020-01-27 14:48:01"
65;"G Class";"2020-01-27 14:48:01";"2020-01-27 14:48:01"
65;"GL Class";"2020-01-27 14:48:01";"2020-01-27 14:48:01"
65;"GLA Class";"2020-01-27 14:48:01";"2020-01-27 14:48:01"
65;"GLB Class";"2020-01-27 14:48:01";"2020-01-27 14:48:01"
65;"GLC Class";"2020-01-27 14:48:01";"2020-01-27 14:48:01"
65;"GLE Class";"2020-01-27 14:48:01";"2020-01-27 14:48:01"
65;"GLS Class";"2020-01-27 14:48:01";"2020-01-27 14:48:01"
65;"M Class";"2020-01-27 14:48:01";"2020-01-27 14:48:01"
65;"Maybach S Class";"2020-01-27 14:48:01";"2020-01-27 14:48:01"
65;"R Class";"2020-01-27 14:48:01";"2020-01-27 14:48:01"
65;"S Class";"2020-01-27 14:48:01";"2020-01-27 14:48:01"
65;"SEC Series";"2020-01-27 14:48:01";"2020-01-27 14:48:01"
65;"SL Class";"2020-01-27 14:48:01";"2020-01-27 14:48:01"
65;"SLC";"2020-01-27 14:48:01";"2020-01-27 14:48:01"
65;"SLK";"2020-01-27 14:48:01";"2020-01-27 14:48:01"
65;"SLR Mclaren";"2020-01-27 14:48:01";"2020-01-27 14:48:01"
65;"SLS";"2020-01-27 14:48:01";"2020-01-27 14:48:01"
65;"Sprinter";"2020-01-27 14:48:01";"2020-01-27 14:48:01"
65;"V Class";"2020-01-27 14:48:01";"2020-01-27 14:48:01"
65;"Vaneo";"2020-01-27 14:48:01";"2020-01-27 14:48:01"
65;"Viano";"2020-01-27 14:48:01";"2020-01-27 14:48:01"
65;"Vito";"2020-01-27 14:48:01";"2020-01-27 14:48:01"
65;"X Class";"2020-01-27 14:48:01";"2020-01-27 14:48:01"
66;"1300";"2020-01-27 14:48:01";"2020-01-27 14:48:01"
66;"Gs";"2020-01-27 14:48:01";"2020-01-27 14:48:01"
66;"Metro";"2020-01-27 14:48:01";"2020-01-27 14:48:01"
66;"Mg Hs";"2020-01-27 14:48:01";"2020-01-27 14:48:01"
66;"Mg3";"2020-01-27 14:48:01";"2020-01-27 14:48:01"
66;"Mg6";"2020-01-27 14:48:01";"2020-01-27 14:48:01"
66;"Mgb";"2020-01-27 14:48:01";"2020-01-27 14:48:01"
66;"Mgb Gt";"2020-01-27 14:48:01";"2020-01-27 14:48:01"
66;"Mgc";"2020-01-27 14:48:01";"2020-01-27 14:48:01"
66;"Mgf";"2020-01-27 14:48:01";"2020-01-27 14:48:01"
66;"Midget";"2020-01-27 14:48:01";"2020-01-27 14:48:01"
66;"Rv8";"2020-01-27 14:48:01";"2020-01-27 14:48:01"
66;"Tc";"2020-01-27 14:48:01";"2020-01-27 14:48:01"
66;"Td";"2020-01-27 14:48:01";"2020-01-27 14:48:01"
66;"Tf";"2020-01-27 14:48:01";"2020-01-27 14:48:01"
66;"Xpower";"2020-01-27 14:48:01";"2020-01-27 14:48:01"
66;"Zr";"2020-01-27 14:48:01";"2020-01-27 14:48:01"
66;"Zs";"2020-01-27 14:48:01";"2020-01-27 14:48:01"
66;"Zt";"2020-01-27 14:48:01";"2020-01-27 14:48:01"
66;"Zt-t";"2020-01-27 14:48:01";"2020-01-27 14:48:01"
67;"M.go";"2020-01-27 14:48:01";"2020-01-27 14:48:01"
68;"Clubman";"2020-01-27 14:48:01";"2020-01-27 14:48:01"
68;"Clubvan";"2020-01-27 14:48:01";"2020-01-27 14:48:01"
68;"Convertible";"2020-01-27 14:48:01";"2020-01-27 14:48:01"
68;"Countryman";"2020-01-27 14:48:01";"2020-01-27 14:48:01"
68;"Coupe";"2020-01-27 14:48:01";"2020-01-27 14:48:01"
68;"Hatch";"2020-01-27 14:48:01";"2020-01-27 14:48:01"
68;"Paceman";"2020-01-27 14:48:01";"2020-01-27 14:48:01"
68;"Roadster";"2020-01-27 14:48:01";"2020-01-27 14:48:01"
68;"Unspecified";"2020-01-27 14:48:01";"2020-01-27 14:48:01"
69;"3000gt";"2020-01-27 14:48:01";"2020-01-27 14:48:01"
69;"Airtrek";"2020-01-27 14:48:01";"2020-01-27 14:48:01"
69;"Asx";"2020-01-27 14:48:01";"2020-01-27 14:48:01"
69;"Carisma";"2020-01-27 14:48:01";"2020-01-27 14:48:01"
69;"Challenger";"2020-01-27 14:48:01";"2020-01-27 14:48:01"
69;"Colt";"2020-01-27 14:48:01";"2020-01-27 14:48:01"
69;"Colt Cabriolet";"2020-01-27 14:48:01";"2020-01-27 14:48:01"
69;"Delica";"2020-01-27 14:48:01";"2020-01-27 14:48:01"
69;"Eclipse";"2020-01-27 14:48:01";"2020-01-27 14:48:01"
69;"Eclipse Cross";"2020-01-27 14:48:01";"2020-01-27 14:48:01"
69;"Fto";"2020-01-27 14:48:01";"2020-01-27 14:48:01"
69;"Grandis";"2020-01-27 14:48:01";"2020-01-27 14:48:01"
69;"Gto";"2020-01-27 14:48:01";"2020-01-27 14:48:01"
69;"I";"2020-01-27 14:48:01";"2020-01-27 14:48:01"
69;"I-miev";"2020-01-27 14:48:01";"2020-01-27 14:48:01"
69;"Jeep J-series";"2020-01-27 14:48:01";"2020-01-27 14:48:01"
69;"L200";"2020-01-27 14:48:01";"2020-01-27 14:48:01"
69;"Lancer";"2020-01-27 14:48:01";"2020-01-27 14:48:01"
69;"Mirage";"2020-01-27 14:48:01";"2020-01-27 14:48:01"
69;"Outlander";"2020-01-27 14:48:01";"2020-01-27 14:48:01"
69;"Pajero";"2020-01-27 14:48:01";"2020-01-27 14:48:01"
69;"Pajero Mini";"2020-01-27 14:48:01";"2020-01-27 14:48:01"
69;"Rvr";"2020-01-27 14:48:01";"2020-01-27 14:48:01"
69;"Shogun";"2020-01-27 14:48:02";"2020-01-27 14:48:02"
69;"Shogun Pinin";"2020-01-27 14:48:02";"2020-01-27 14:48:02"
69;"Shogun Sport";"2020-01-27 14:48:02";"2020-01-27 14:48:02"
69;"Space Star";"2020-01-27 14:48:02";"2020-01-27 14:48:02"
70;"3 Wheeler";"2020-01-27 14:48:02";"2020-01-27 14:48:02"
70;"4/4";"2020-01-27 14:48:02";"2020-01-27 14:48:02"
70;"Aero";"2020-01-27 14:48:02";"2020-01-27 14:48:02"
70;"Plus 4";"2020-01-27 14:48:02";"2020-01-27 14:48:02"
70;"Plus 8";"2020-01-27 14:48:02";"2020-01-27 14:48:02"
70;"Roadster";"2020-01-27 14:48:02";"2020-01-27 14:48:02"
71;"Ital";"2020-01-27 14:48:02";"2020-01-27 14:48:02"
71;"Mini";"2020-01-27 14:48:02";"2020-01-27 14:48:02"
71;"Minor";"2020-01-27 14:48:02";"2020-01-27 14:48:02"
71;"Oxford";"2020-01-27 14:48:02";"2020-01-27 14:48:02"
72;"200";"2020-01-27 14:48:02";"2020-01-27 14:48:02"
72;"300";"2020-01-27 14:48:02";"2020-01-27 14:48:02"
72;"350 Z";"2020-01-27 14:48:02";"2020-01-27 14:48:02"
72;"370 Z";"2020-01-27 14:48:02";"2020-01-27 14:48:02"
72;"Almera";"2020-01-27 14:48:02";"2020-01-27 14:48:02"
72;"Almera Tino";"2020-01-27 14:48:02";"2020-01-27 14:48:02"
72;"Bluebird";"2020-01-27 14:48:02";"2020-01-27 14:48:02"
72;"Cube";"2020-01-27 14:48:02";"2020-01-27 14:48:02"
72;"Cubic";"2020-01-27 14:48:02";"2020-01-27 14:48:02"
72;"E-nv200";"2020-01-27 14:48:02";"2020-01-27 14:48:02"
72;"Elgrand";"2020-01-27 14:48:02";"2020-01-27 14:48:02"
72;"Env200 Evalia";"2020-01-27 14:48:02";"2020-01-27 14:48:02"
72;"Fairlady";"2020-01-27 14:48:02";"2020-01-27 14:48:02"
72;"Figaro";"2020-01-27 14:48:02";"2020-01-27 14:48:02"
72;"Gt-r";"2020-01-27 14:48:02";"2020-01-27 14:48:02"
72;"Juke";"2020-01-27 14:48:02";"2020-01-27 14:48:02"
72;"Largo";"2020-01-27 14:48:02";"2020-01-27 14:48:02"
72;"Leaf";"2020-01-27 14:48:02";"2020-01-27 14:48:02"
72;"Micra";"2020-01-27 14:48:02";"2020-01-27 14:48:02"
72;"Micra C+c";"2020-01-27 14:48:02";"2020-01-27 14:48:02"
72;"Mistral";"2020-01-27 14:48:02";"2020-01-27 14:48:02"
72;"Murano";"2020-01-27 14:48:02";"2020-01-27 14:48:02"
72;"Navara";"2020-01-27 14:48:02";"2020-01-27 14:48:02"
72;"Note";"2020-01-27 14:48:02";"2020-01-27 14:48:02"
72;"Nv200";"2020-01-27 14:48:02";"2020-01-27 14:48:02"
72;"Nv250";"2020-01-27 14:48:02";"2020-01-27 14:48:02"
72;"Nv300";"2020-01-27 14:48:02";"2020-01-27 14:48:02"
72;"Pathfinder";"2020-01-27 14:48:02";"2020-01-27 14:48:02"
72;"Patrol";"2020-01-27 14:48:02";"2020-01-27 14:48:02"
72;"Patrol Gr";"2020-01-27 14:48:02";"2020-01-27 14:48:02"
72;"Pickup";"2020-01-27 14:48:02";"2020-01-27 14:48:02"
72;"Pixo";"2020-01-27 14:48:02";"2020-01-27 14:48:02"
72;"President";"2020-01-27 14:48:02";"2020-01-27 14:48:02"
72;"Primera";"2020-01-27 14:48:02";"2020-01-27 14:48:02"
72;"Pulsar";"2020-01-27 14:48:02";"2020-01-27 14:48:02"
72;"Qashqai";"2020-01-27 14:48:02";"2020-01-27 14:48:02"
72;"Qashqai+2";"2020-01-27 14:48:02";"2020-01-27 14:48:02"
72;"Serena";"2020-01-27 14:48:02";"2020-01-27 14:48:02"
72;"Skyline";"2020-01-27 14:48:02";"2020-01-27 14:48:02"
72;"Stagea";"2020-01-27 14:48:02";"2020-01-27 14:48:02"
72;"Terrano";"2020-01-27 14:48:02";"2020-01-27 14:48:02"
72;"Terrano Ii";"2020-01-27 14:48:02";"2020-01-27 14:48:02"
72;"Tiida";"2020-01-27 14:48:02";"2020-01-27 14:48:02"
72;"X-trail";"2020-01-27 14:48:02";"2020-01-27 14:48:02"
73;"M12";"2020-01-27 14:48:02";"2020-01-27 14:48:02"
73;"M600";"2020-01-27 14:48:02";"2020-01-27 14:48:02"
74;"Astra";"2020-01-27 14:48:02";"2020-01-27 14:48:02"
74;"Corsa";"2020-01-27 14:48:02";"2020-01-27 14:48:02"
74;"Insignia";"2020-01-27 14:48:02";"2020-01-27 14:48:02"
74;"Manta";"2020-01-27 14:48:02";"2020-01-27 14:48:02"
74;"Zafira";"2020-01-27 14:48:02";"2020-01-27 14:48:02"
75;"Kelisa";"2020-01-27 14:48:02";"2020-01-27 14:48:02"
75;"Myvi";"2020-01-27 14:48:02";"2020-01-27 14:48:02"
76;"1007";"2020-01-27 14:48:02";"2020-01-27 14:48:02"
76;"106";"2020-01-27 14:48:02";"2020-01-27 14:48:02"
76;"107";"2020-01-27 14:48:02";"2020-01-27 14:48:02"
76;"108";"2020-01-27 14:48:02";"2020-01-27 14:48:02"
76;"2008";"2020-01-27 14:48:02";"2020-01-27 14:48:02"
76;"205";"2020-01-27 14:48:02";"2020-01-27 14:48:02"
76;"206";"2020-01-27 14:48:02";"2020-01-27 14:48:02"
76;"206 Cc";"2020-01-27 14:48:02";"2020-01-27 14:48:02"
76;"206 Sw";"2020-01-27 14:48:02";"2020-01-27 14:48:02"
76;"207";"2020-01-27 14:48:02";"2020-01-27 14:48:02"
76;"207 Cc";"2020-01-27 14:48:02";"2020-01-27 14:48:02"
76;"207 Sw";"2020-01-27 14:48:02";"2020-01-27 14:48:02"
76;"208";"2020-01-27 14:48:02";"2020-01-27 14:48:02"
76;"3008";"2020-01-27 14:48:02";"2020-01-27 14:48:02"
76;"306";"2020-01-27 14:48:02";"2020-01-27 14:48:02"
76;"307";"2020-01-27 14:48:02";"2020-01-27 14:48:02"
76;"307 Cc";"2020-01-27 14:48:02";"2020-01-27 14:48:02"
76;"307 Sw";"2020-01-27 14:48:02";"2020-01-27 14:48:02"
76;"308";"2020-01-27 14:48:02";"2020-01-27 14:48:02"
76;"308 Cc";"2020-01-27 14:48:02";"2020-01-27 14:48:02"
76;"308 Sw";"2020-01-27 14:48:02";"2020-01-27 14:48:02"
76;"309";"2020-01-27 14:48:02";"2020-01-27 14:48:02"
76;"4007";"2020-01-27 14:48:02";"2020-01-27 14:48:02"
76;"406";"2020-01-27 14:48:02";"2020-01-27 14:48:02"
76;"407";"2020-01-27 14:48:02";"2020-01-27 14:48:02"
76;"407 Sw";"2020-01-27 14:48:02";"2020-01-27 14:48:02"
76;"5008";"2020-01-27 14:48:02";"2020-01-27 14:48:02"
76;"508";"2020-01-27 14:48:02";"2020-01-27 14:48:02"
76;"508 Sw";"2020-01-27 14:48:02";"2020-01-27 14:48:02"
76;"607";"2020-01-27 14:48:02";"2020-01-27 14:48:02"
76;"807";"2020-01-27 14:48:02";"2020-01-27 14:48:02"
76;"Bipper Tepee";"2020-01-27 14:48:02";"2020-01-27 14:48:02"
76;"Boxer";"2020-01-27 14:48:02";"2020-01-27 14:48:02"
76;"Expert";"2020-01-27 14:48:02";"2020-01-27 14:48:02"
76;"Expert Tepee";"2020-01-27 14:48:02";"2020-01-27 14:48:02"
76;"Ion";"2020-01-27 14:48:02";"2020-01-27 14:48:02"
76;"Partner";"2020-01-27 14:48:02";"2020-01-27 14:48:02"
76;"Partner Tepee";"2020-01-27 14:48:02";"2020-01-27 14:48:02"
76;"Rcz";"2020-01-27 14:48:02";"2020-01-27 14:48:02"
76;"Rifter";"2020-01-27 14:48:02";"2020-01-27 14:48:02"
76;"Traveller";"2020-01-27 14:48:02";"2020-01-27 14:48:02"
77;"3000";"2020-01-27 14:48:02";"2020-01-27 14:48:02"
78;"Prowler";"2020-01-27 14:48:02";"2020-01-27 14:48:02"
79;"Firebird";"2020-01-27 14:48:02";"2020-01-27 14:48:02"
80;"356";"2020-01-27 14:48:02";"2020-01-27 14:48:02"
80;"550 Spyder";"2020-01-27 14:48:02";"2020-01-27 14:48:02"
80;"718 Boxster";"2020-01-27 14:48:02";"2020-01-27 14:48:02"
80;"718 Cayman";"2020-01-27 14:48:02";"2020-01-27 14:48:02"
80;"718 Spyder";"2020-01-27 14:48:02";"2020-01-27 14:48:02"
80;"911";"2020-01-27 14:48:02";"2020-01-27 14:48:02"
80;"918";"2020-01-27 14:48:02";"2020-01-27 14:48:02"
80;"924";"2020-01-27 14:48:02";"2020-01-27 14:48:02"
80;"928";"2020-01-27 14:48:02";"2020-01-27 14:48:02"
80;"944";"2020-01-27 14:48:02";"2020-01-27 14:48:02"
80;"968";"2020-01-27 14:48:02";"2020-01-27 14:48:02"
80;"Boxster";"2020-01-27 14:48:02";"2020-01-27 14:48:02"
80;"Carrera Gt";"2020-01-27 14:48:02";"2020-01-27 14:48:02"
80;"Cayenne";"2020-01-27 14:48:02";"2020-01-27 14:48:02"
80;"Cayman";"2020-01-27 14:48:02";"2020-01-27 14:48:02"
80;"Macan";"2020-01-27 14:48:02";"2020-01-27 14:48:02"
80;"Panamera";"2020-01-27 14:48:02";"2020-01-27 14:48:02"
81;"Gen-2";"2020-01-27 14:48:02";"2020-01-27 14:48:02"
81;"Satria";"2020-01-27 14:48:02";"2020-01-27 14:48:02"
81;"Satria Neo";"2020-01-27 14:48:02";"2020-01-27 14:48:02"
81;"Savvy";"2020-01-27 14:48:02";"2020-01-27 14:48:02"
81;"Wira";"2020-01-27 14:48:02";"2020-01-27 14:48:02"
82;"Sr3";"2020-01-27 14:48:02";"2020-01-27 14:48:02"
83;"Falcrum";"2020-01-27 14:48:02";"2020-01-27 14:48:02"
84;"Lx";"2020-01-27 14:48:02";"2020-01-27 14:48:02"
84;"Rialto";"2020-01-27 14:48:02";"2020-01-27 14:48:02"
85;"21";"2020-01-27 14:48:02";"2020-01-27 14:48:02"
85;"5";"2020-01-27 14:48:02";"2020-01-27 14:48:02"
85;"Alpine";"2020-01-27 14:48:02";"2020-01-27 14:48:02"
85;"Captur";"2020-01-27 14:48:02";"2020-01-27 14:48:02"
85;"Clio";"2020-01-27 14:48:02";"2020-01-27 14:48:02"
85;"Espace";"2020-01-27 14:48:02";"2020-01-27 14:48:02"
85;"Fluence";"2020-01-27 14:48:02";"2020-01-27 14:48:02"
85;"Grand Espace";"2020-01-27 14:48:02";"2020-01-27 14:48:02"
85;"Grand Modus";"2020-01-27 14:48:02";"2020-01-27 14:48:02"
85;"Grand Scenic";"2020-01-27 14:48:02";"2020-01-27 14:48:02"
85;"Kadjar";"2020-01-27 14:48:02";"2020-01-27 14:48:02"
85;"Kangoo";"2020-01-27 14:48:02";"2020-01-27 14:48:02"
85;"Kangoo Maxi";"2020-01-27 14:48:02";"2020-01-27 14:48:02"
85;"Koleos";"2020-01-27 14:48:02";"2020-01-27 14:48:02"
85;"Laguna";"2020-01-27 14:48:02";"2020-01-27 14:48:02"
85;"Master";"2020-01-27 14:48:02";"2020-01-27 14:48:02"
85;"Megane";"2020-01-27 14:48:02";"2020-01-27 14:48:02"
85;"Modus";"2020-01-27 14:48:03";"2020-01-27 14:48:03"
85;"Scenic";"2020-01-27 14:48:03";"2020-01-27 14:48:03"
85;"Scenic Xmod";"2020-01-27 14:48:03";"2020-01-27 14:48:03"
85;"Trafic";"2020-01-27 14:48:03";"2020-01-27 14:48:03"
85;"Twingo";"2020-01-27 14:48:03";"2020-01-27 14:48:03"
85;"Vel Satis";"2020-01-27 14:48:03";"2020-01-27 14:48:03"
85;"Wind";"2020-01-27 14:48:03";"2020-01-27 14:48:03"
85;"Zoe";"2020-01-27 14:48:03";"2020-01-27 14:48:03"
86;"Cobra";"2020-01-27 14:48:03";"2020-01-27 14:48:03"
87;"G-wiz";"2020-01-27 14:48:03";"2020-01-27 14:48:03"
88;"Rm Series";"2020-01-27 14:48:03";"2020-01-27 14:48:03"
89;"25/30";"2020-01-27 14:48:03";"2020-01-27 14:48:03"
89;"Corniche";"2020-01-27 14:48:03";"2020-01-27 14:48:03"
89;"Cullinan";"2020-01-27 14:48:03";"2020-01-27 14:48:03"
89;"Dawn";"2020-01-27 14:48:03";"2020-01-27 14:48:03"
89;"Ghost";"2020-01-27 14:48:03";"2020-01-27 14:48:03"
89;"Phantom";"2020-01-27 14:48:03";"2020-01-27 14:48:03"
89;"Silver Cloud";"2020-01-27 14:48:03";"2020-01-27 14:48:03"
89;"Silver Dawn";"2020-01-27 14:48:03";"2020-01-27 14:48:03"
89;"Silver Seraph";"2020-01-27 14:48:03";"2020-01-27 14:48:03"
89;"Silver Shadow";"2020-01-27 14:48:03";"2020-01-27 14:48:03"
89;"Silver Spirit";"2020-01-27 14:48:03";"2020-01-27 14:48:03"
89;"Silver Spur";"2020-01-27 14:48:03";"2020-01-27 14:48:03"
89;"Wraith";"2020-01-27 14:48:03";"2020-01-27 14:48:03"
90;"100";"2020-01-27 14:48:03";"2020-01-27 14:48:03"
90;"200";"2020-01-27 14:48:03";"2020-01-27 14:48:03"
90;"25";"2020-01-27 14:48:03";"2020-01-27 14:48:03"
90;"400";"2020-01-27 14:48:03";"2020-01-27 14:48:03"
90;"45";"2020-01-27 14:48:03";"2020-01-27 14:48:03"
90;"600";"2020-01-27 14:48:03";"2020-01-27 14:48:03"
90;"75";"2020-01-27 14:48:03";"2020-01-27 14:48:03"
90;"75 Tourer";"2020-01-27 14:48:03";"2020-01-27 14:48:03"
90;"90";"2020-01-27 14:48:03";"2020-01-27 14:48:03"
90;"Cabriolet";"2020-01-27 14:48:03";"2020-01-27 14:48:03"
90;"City Rover";"2020-01-27 14:48:03";"2020-01-27 14:48:03"
90;"Metro";"2020-01-27 14:48:03";"2020-01-27 14:48:03"
90;"Mini";"2020-01-27 14:48:03";"2020-01-27 14:48:03"
90;"Streetwise";"2020-01-27 14:48:03";"2020-01-27 14:48:03"
91;"9-3";"2020-01-27 14:48:03";"2020-01-27 14:48:03"
91;"9-5";"2020-01-27 14:48:03";"2020-01-27 14:48:03"
91;"900";"2020-01-27 14:48:03";"2020-01-27 14:48:03"
91;"9000";"2020-01-27 14:48:03";"2020-01-27 14:48:03"
92;"Alhambra";"2020-01-27 14:48:03";"2020-01-27 14:48:03"
92;"Altea";"2020-01-27 14:48:03";"2020-01-27 14:48:03"
92;"Altea Xl";"2020-01-27 14:48:03";"2020-01-27 14:48:03"
92;"Arona";"2020-01-27 14:48:03";"2020-01-27 14:48:03"
92;"Arosa";"2020-01-27 14:48:03";"2020-01-27 14:48:03"
92;"Ateca";"2020-01-27 14:48:03";"2020-01-27 14:48:03"
92;"Cordoba";"2020-01-27 14:48:03";"2020-01-27 14:48:03"
92;"Exeo";"2020-01-27 14:48:03";"2020-01-27 14:48:03"
92;"Ibiza";"2020-01-27 14:48:03";"2020-01-27 14:48:03"
92;"Leon";"2020-01-27 14:48:03";"2020-01-27 14:48:03"
92;"Mii";"2020-01-27 14:48:03";"2020-01-27 14:48:03"
92;"Tarraco";"2020-01-27 14:48:03";"2020-01-27 14:48:03"
92;"Toledo";"2020-01-27 14:48:03";"2020-01-27 14:48:03"
94;"Citigo";"2020-01-27 14:48:03";"2020-01-27 14:48:03"
94;"Fabia";"2020-01-27 14:48:03";"2020-01-27 14:48:03"
94;"Favorit";"2020-01-27 14:48:03";"2020-01-27 14:48:03"
94;"Kamiq";"2020-01-27 14:48:03";"2020-01-27 14:48:03"
94;"Karoq";"2020-01-27 14:48:03";"2020-01-27 14:48:03"
94;"Kodiaq";"2020-01-27 14:48:03";"2020-01-27 14:48:03"
94;"Octavia";"2020-01-27 14:48:03";"2020-01-27 14:48:03"
94;"Rapid";"2020-01-27 14:48:03";"2020-01-27 14:48:03"
94;"Rapid Spaceback";"2020-01-27 14:48:03";"2020-01-27 14:48:03"
94;"Roomster";"2020-01-27 14:48:03";"2020-01-27 14:48:03"
94;"Scala";"2020-01-27 14:48:03";"2020-01-27 14:48:03"
94;"Superb";"2020-01-27 14:48:03";"2020-01-27 14:48:03"
94;"Yeti";"2020-01-27 14:48:03";"2020-01-27 14:48:03"
95;"Forfour";"2020-01-27 14:48:03";"2020-01-27 14:48:03"
95;"Fortwo";"2020-01-27 14:48:03";"2020-01-27 14:48:03"
95;"Roadster";"2020-01-27 14:48:03";"2020-01-27 14:48:03"
96;"Korando";"2020-01-27 14:48:03";"2020-01-27 14:48:03"
96;"Korando Sports";"2020-01-27 14:48:03";"2020-01-27 14:48:03"
96;"Kyron";"2020-01-27 14:48:03";"2020-01-27 14:48:03"
96;"Musso";"2020-01-27 14:48:03";"2020-01-27 14:48:03"
96;"Rexton";"2020-01-27 14:48:03";"2020-01-27 14:48:03"
96;"Rodius";"2020-01-27 14:48:03";"2020-01-27 14:48:03"
96;"Tivoli";"2020-01-27 14:48:03";"2020-01-27 14:48:03"
96;"Tivoli Xlv";"2020-01-27 14:48:03";"2020-01-27 14:48:03"
96;"Turismo";"2020-01-27 14:48:03";"2020-01-27 14:48:03"
97;"Super 10";"2020-01-27 14:48:03";"2020-01-27 14:48:03"
98;"Brz";"2020-01-27 14:48:03";"2020-01-27 14:48:03"
98;"Exiga";"2020-01-27 14:48:03";"2020-01-27 14:48:03"
98;"Forester";"2020-01-27 14:48:03";"2020-01-27 14:48:03"
98;"Impreza";"2020-01-27 14:48:03";"2020-01-27 14:48:03"
98;"Justy";"2020-01-27 14:48:03";"2020-01-27 14:48:03"
98;"Legacy";"2020-01-27 14:48:03";"2020-01-27 14:48:03"
98;"Levorg";"2020-01-27 14:48:03";"2020-01-27 14:48:03"
98;"Outback";"2020-01-27 14:48:03";"2020-01-27 14:48:03"
98;"Sambar";"2020-01-27 14:48:03";"2020-01-27 14:48:03"
98;"Tribeca";"2020-01-27 14:48:03";"2020-01-27 14:48:03"
98;"Wrx Sti";"2020-01-27 14:48:03";"2020-01-27 14:48:03"
98;"Xv";"2020-01-27 14:48:03";"2020-01-27 14:48:03"
99;"80";"2020-01-27 14:48:03";"2020-01-27 14:48:03"
100;"Alto";"2020-01-27 14:48:03";"2020-01-27 14:48:03"
100;"Baleno";"2020-01-27 14:48:03";"2020-01-27 14:48:03"
100;"Celerio";"2020-01-27 14:48:03";"2020-01-27 14:48:03"
100;"Grand Vitara";"2020-01-27 14:48:03";"2020-01-27 14:48:03"
100;"Ignis";"2020-01-27 14:48:03";"2020-01-27 14:48:03"
100;"Jimny";"2020-01-27 14:48:03";"2020-01-27 14:48:03"
100;"Kizashi";"2020-01-27 14:48:03";"2020-01-27 14:48:03"
100;"Liana";"2020-01-27 14:48:03";"2020-01-27 14:48:03"
100;"Splash";"2020-01-27 14:48:03";"2020-01-27 14:48:03"
100;"Swift";"2020-01-27 14:48:03";"2020-01-27 14:48:03"
100;"Sx4";"2020-01-27 14:48:03";"2020-01-27 14:48:03"
100;"Sx4 S-cross";"2020-01-27 14:48:03";"2020-01-27 14:48:03"
100;"Vitara";"2020-01-27 14:48:03";"2020-01-27 14:48:03"
100;"Wagon R";"2020-01-27 14:48:03";"2020-01-27 14:48:03"
101;"Model 3";"2020-01-27 14:48:03";"2020-01-27 14:48:03"
101;"Model S";"2020-01-27 14:48:03";"2020-01-27 14:48:03"
101;"Model X";"2020-01-27 14:48:03";"2020-01-27 14:48:03"
101;"Roadster";"2020-01-27 14:48:03";"2020-01-27 14:48:03"
103;"Dolomite";"2020-01-27 14:48:03";"2020-01-27 14:48:03"
103;"Herald";"2020-01-27 14:48:03";"2020-01-27 14:48:03"
103;"Spitfire";"2020-01-27 14:48:03";"2020-01-27 14:48:03"
103;"Stag";"2020-01-27 14:48:03";"2020-01-27 14:48:03"
103;"Tr2";"2020-01-27 14:48:03";"2020-01-27 14:48:03"
103;"Tr6";"2020-01-27 14:48:03";"2020-01-27 14:48:03"
103;"Tr7";"2020-01-27 14:48:03";"2020-01-27 14:48:03"
104;"Cerbera";"2020-01-27 14:48:03";"2020-01-27 14:48:03"
104;"Chimaera";"2020-01-27 14:48:03";"2020-01-27 14:48:03"
104;"Griffith";"2020-01-27 14:48:03";"2020-01-27 14:48:03"
104;"S Convertible";"2020-01-27 14:48:03";"2020-01-27 14:48:03"
104;"S3";"2020-01-27 14:48:03";"2020-01-27 14:48:03"
104;"Sagaris";"2020-01-27 14:48:03";"2020-01-27 14:48:03"
104;"T350";"2020-01-27 14:48:03";"2020-01-27 14:48:03"
104;"Tamora";"2020-01-27 14:48:03";"2020-01-27 14:48:03"
104;"Tuscan";"2020-01-27 14:48:03";"2020-01-27 14:48:03"
105;"Can-am";"2020-01-27 14:48:03";"2020-01-27 14:48:03"
106;"Adam";"2020-01-27 14:48:03";"2020-01-27 14:48:03"
106;"Agila";"2020-01-27 14:48:03";"2020-01-27 14:48:03"
106;"Ampera";"2020-01-27 14:48:03";"2020-01-27 14:48:03"
106;"Antara";"2020-01-27 14:48:03";"2020-01-27 14:48:03"
106;"Astra";"2020-01-27 14:48:03";"2020-01-27 14:48:03"
106;"Astra Gtc";"2020-01-27 14:48:03";"2020-01-27 14:48:03"
106;"Belmont";"2020-01-27 14:48:03";"2020-01-27 14:48:03"
106;"Calibra";"2020-01-27 14:48:03";"2020-01-27 14:48:03"
106;"Carlton";"2020-01-27 14:48:03";"2020-01-27 14:48:03"
106;"Cascada";"2020-01-27 14:48:03";"2020-01-27 14:48:03"
106;"Cavalier";"2020-01-27 14:48:03";"2020-01-27 14:48:03"
106;"Combo";"2020-01-27 14:48:04";"2020-01-27 14:48:04"
106;"Combo Life";"2020-01-27 14:48:04";"2020-01-27 14:48:04"
106;"Combo Tour";"2020-01-27 14:48:04";"2020-01-27 14:48:04"
106;"Corsa";"2020-01-27 14:48:04";"2020-01-27 14:48:04"
106;"Crossland X";"2020-01-27 14:48:04";"2020-01-27 14:48:04"
106;"Frontera";"2020-01-27 14:48:04";"2020-01-27 14:48:04"
106;"Grandland X";"2020-01-27 14:48:04";"2020-01-27 14:48:04"
106;"Insignia";"2020-01-27 14:48:04";"2020-01-27 14:48:04"
106;"Lotus Carlton";"2020-01-27 14:48:04";"2020-01-27 14:48:04"
106;"Meriva";"2020-01-27 14:48:04";"2020-01-27 14:48:04"
106;"Mokka";"2020-01-27 14:48:04";"2020-01-27 14:48:04"
106;"Mokka X";"2020-01-27 14:48:04";"2020-01-27 14:48:04"
106;"Monaro";"2020-01-27 14:48:04";"2020-01-27 14:48:04"
106;"Movano";"2020-01-27 14:48:04";"2020-01-27 14:48:04"
106;"Nova";"2020-01-27 14:48:04";"2020-01-27 14:48:04"
106;"Omega";"2020-01-27 14:48:04";"2020-01-27 14:48:04"
106;"Signum";"2020-01-27 14:48:04";"2020-01-27 14:48:04"
106;"Tigra";"2020-01-27 14:48:04";"2020-01-27 14:48:04"
106;"Vectra";"2020-01-27 14:48:04";"2020-01-27 14:48:04"
106;"Viva";"2020-01-27 14:48:04";"2020-01-27 14:48:04"
106;"Vivaro";"2020-01-27 14:48:04";"2020-01-27 14:48:04"
106;"Vivaro Life";"2020-01-27 14:48:04";"2020-01-27 14:48:04"
106;"Vx220";"2020-01-27 14:48:04";"2020-01-27 14:48:04"
106;"Vxr8";"2020-01-27 14:48:04";"2020-01-27 14:48:04"
106;"Zafira";"2020-01-27 14:48:04";"2020-01-27 14:48:04"
106;"Zafira Tourer";"2020-01-27 14:48:04";"2020-01-27 14:48:04"
107;"Amarok";"2020-01-27 14:48:04";"2020-01-27 14:48:04"
107;"Arteon";"2020-01-27 14:48:04";"2020-01-27 14:48:04"
107;"Beach Buggy";"2020-01-27 14:48:04";"2020-01-27 14:48:04"
107;"Beetle";"2020-01-27 14:48:04";"2020-01-27 14:48:04"
107;"Bora";"2020-01-27 14:48:04";"2020-01-27 14:48:04"
107;"Caddy";"2020-01-27 14:48:04";"2020-01-27 14:48:04"
107;"Caddy Camper";"2020-01-27 14:48:04";"2020-01-27 14:48:04"
107;"Caddy Life";"2020-01-27 14:48:04";"2020-01-27 14:48:04"
107;"Caddy Maxi";"2020-01-27 14:48:04";"2020-01-27 14:48:04"
107;"Caddy Maxi Life";"2020-01-27 14:48:04";"2020-01-27 14:48:04"
107;"California";"2020-01-27 14:48:04";"2020-01-27 14:48:04"
107;"Campervan";"2020-01-27 14:48:04";"2020-01-27 14:48:04"
107;"Caravelle";"2020-01-27 14:48:04";"2020-01-27 14:48:04"
107;"Cc";"2020-01-27 14:48:04";"2020-01-27 14:48:04"
107;"Corrado";"2020-01-27 14:48:04";"2020-01-27 14:48:04"
107;"Eos";"2020-01-27 14:48:04";"2020-01-27 14:48:04"
107;"Fastback";"2020-01-27 14:48:04";"2020-01-27 14:48:04"
107;"Fox";"2020-01-27 14:48:04";"2020-01-27 14:48:04"
107;"Golf";"2020-01-27 14:48:04";"2020-01-27 14:48:04"
107;"Golf Plus";"2020-01-27 14:48:04";"2020-01-27 14:48:04"
107;"Golf Sv";"2020-01-27 14:48:04";"2020-01-27 14:48:04"
107;"Jetta";"2020-01-27 14:48:04";"2020-01-27 14:48:04"
107;"Lupo";"2020-01-27 14:48:04";"2020-01-27 14:48:04"
107;"Passat";"2020-01-27 14:48:04";"2020-01-27 14:48:04"
107;"Phaeton";"2020-01-27 14:48:04";"2020-01-27 14:48:04"
107;"Polo";"2020-01-27 14:48:04";"2020-01-27 14:48:04"
107;"Scirocco";"2020-01-27 14:48:04";"2020-01-27 14:48:04"
107;"Sharan";"2020-01-27 14:48:04";"2020-01-27 14:48:04"
107;"T-Cross";"2020-01-27 14:48:04";"2020-01-27 14:48:04"
107;"T-Roc";"2020-01-27 14:48:04";"2020-01-27 14:48:04"
107;"Tiguan";"2020-01-27 14:48:04";"2020-01-27 14:48:04"
107;"Tiguan Allspace";"2020-01-27 14:48:04";"2020-01-27 14:48:04"
107;"Touareg";"2020-01-27 14:48:04";"2020-01-27 14:48:04"
107;"Touran";"2020-01-27 14:48:04";"2020-01-27 14:48:04"
107;"Transporter";"2020-01-27 14:48:04";"2020-01-27 14:48:04"
107;"Transporter Shuttle";"2020-01-27 14:48:04";"2020-01-27 14:48:04"
107;"Transporter Sportline";"2020-01-27 14:48:04";"2020-01-27 14:48:04"
107;"up!";"2020-01-27 14:48:04";"2020-01-27 14:48:04"
107;"Vento";"2020-01-27 14:48:04";"2020-01-27 14:48:04"
108;"164";"2020-01-27 14:48:04";"2020-01-27 14:48:04"
108;"240";"2020-01-27 14:48:04";"2020-01-27 14:48:04"
108;"850";"2020-01-27 14:48:04";"2020-01-27 14:48:04"
108;"940";"2020-01-27 14:48:04";"2020-01-27 14:48:04"
108;"960";"2020-01-27 14:48:04";"2020-01-27 14:48:04"
108;"C30";"2020-01-27 14:48:04";"2020-01-27 14:48:04"
108;"C70";"2020-01-27 14:48:04";"2020-01-27 14:48:04"
108;"P1800";"2020-01-27 14:48:04";"2020-01-27 14:48:04"
108;"S40";"2020-01-27 14:48:04";"2020-01-27 14:48:04"
108;"S60";"2020-01-27 14:48:04";"2020-01-27 14:48:04"
108;"S70";"2020-01-27 14:48:04";"2020-01-27 14:48:04"
108;"S80";"2020-01-27 14:48:04";"2020-01-27 14:48:04"
108;"S90";"2020-01-27 14:48:04";"2020-01-27 14:48:04"
108;"V40";"2020-01-27 14:48:04";"2020-01-27 14:48:04"
108;"V40 Cross Country";"2020-01-27 14:48:04";"2020-01-27 14:48:04"
108;"V50";"2020-01-27 14:48:04";"2020-01-27 14:48:04"
108;"V60";"2020-01-27 14:48:04";"2020-01-27 14:48:04"
108;"V60 Cross Country";"2020-01-27 14:48:04";"2020-01-27 14:48:04"
108;"V70";"2020-01-27 14:48:04";"2020-01-27 14:48:04"
108;"V70 Cross Country";"2020-01-27 14:48:04";"2020-01-27 14:48:04"
108;"V90";"2020-01-27 14:48:04";"2020-01-27 14:48:04"
108;"V90 Cross Country";"2020-01-27 14:48:04";"2020-01-27 14:48:04"
108;"Xc40";"2020-01-27 14:48:04";"2020-01-27 14:48:04"
108;"Xc60";"2020-01-27 14:48:04";"2020-01-27 14:48:04"
108;"Xc70";"2020-01-27 14:48:04";"2020-01-27 14:48:04"
108;"Xc90";"2020-01-27 14:48:04";"2020-01-27 14:48:04"
109;"7";"2020-01-27 14:48:04";"2020-01-27 14:48:04"
109;"Mega";"2020-01-27 14:48:04";"2020-01-27 14:48:04"
109;"Se";"2020-01-27 14:48:04";"2020-01-27 14:48:04"
109;"Sei";"2020-01-27 14:48:04";"2020-01-27 14:48:04"
109;"Sport";"2020-01-27 14:48:04";"2020-01-27 14:48:04"
110;"1300";"2020-01-27 14:48:04";"2020-01-27 14:48:04"
111;"Yxz 1000r";"2020-01-27 14:48:04";"2020-01-27 14:48:04"
111;"Yxz 1000r Ss";"2020-01-27 14:48:04";"2020-01-27 14:48:04"
112;"E10";"2020-01-27 14:48:04";"2020-01-27 14:48:04"
8;"100";"2020-01-27 14:53:04";"2020-01-27 14:53:04"
8;"80";"2020-01-27 14:53:04";"2020-01-27 14:53:04"
8;"A1";"2020-01-27 14:53:04";"2020-01-27 14:53:04"
8;"A2";"2020-01-27 14:53:04";"2020-01-27 14:53:04"
8;"A3";"2020-01-27 14:53:04";"2020-01-27 14:53:04"
8;"A3 Cabriolet";"2020-01-27 14:53:04";"2020-01-27 14:53:04"
8;"A4";"2020-01-27 14:53:04";"2020-01-27 14:53:04"
8;"A4 Allroad";"2020-01-27 14:53:04";"2020-01-27 14:53:04"
8;"A4 Avant";"2020-01-27 14:53:04";"2020-01-27 14:53:04"
8;"A4 Cabriolet";"2020-01-27 14:53:04";"2020-01-27 14:53:04"
8;"A5";"2020-01-27 14:53:04";"2020-01-27 14:53:04"
8;"A5 Cabriolet";"2020-01-27 14:53:04";"2020-01-27 14:53:04"
8;"A6 Allroad";"2020-01-27 14:53:04";"2020-01-27 14:53:04"
8;"A6 Avant";"2020-01-27 14:53:04";"2020-01-27 14:53:04"
8;"A6 Saloon";"2020-01-27 14:53:04";"2020-01-27 14:53:04"
8;"A6 Unspecified";"2020-01-27 14:53:04";"2020-01-27 14:53:04"
8;"A7";"2020-01-27 14:53:04";"2020-01-27 14:53:04"
8;"A8";"2020-01-27 14:53:04";"2020-01-27 14:53:04"
8;"Allroad";"2020-01-27 14:53:04";"2020-01-27 14:53:04"
8;"Cabriolet";"2020-01-27 14:53:04";"2020-01-27 14:53:04"
8;"Coupe";"2020-01-27 14:53:04";"2020-01-27 14:53:04"
8;"E-tron";"2020-01-27 14:53:04";"2020-01-27 14:53:04"
8;"Q2";"2020-01-27 14:53:04";"2020-01-27 14:53:04"
8;"Q3";"2020-01-27 14:53:04";"2020-01-27 14:53:04"
8;"Q5";"2020-01-27 14:53:04";"2020-01-27 14:53:04"
8;"Q7";"2020-01-27 14:53:04";"2020-01-27 14:53:04"
8;"Q8";"2020-01-27 14:53:04";"2020-01-27 14:53:04"
8;"Quattro";"2020-01-27 14:53:04";"2020-01-27 14:53:04"
8;"R8";"2020-01-27 14:53:04";"2020-01-27 14:53:04"
8;"RS Q3";"2020-01-27 14:53:04";"2020-01-27 14:53:04"
8;"RS3";"2020-01-27 14:53:04";"2020-01-27 14:53:04"
8;"RS4";"2020-01-27 14:53:04";"2020-01-27 14:53:04"
8;"RS4 Avant";"2020-01-27 14:53:04";"2020-01-27 14:53:04"
8;"RS4 Cabriolet";"2020-01-27 14:53:04";"2020-01-27 14:53:04"
8;"RS5";"2020-01-27 14:53:04";"2020-01-27 14:53:04"
8;"RS6";"2020-01-27 14:53:04";"2020-01-27 14:53:04"
8;"RS6 Avant";"2020-01-27 14:53:04";"2020-01-27 14:53:04"
8;"RS7";"2020-01-27 14:53:04";"2020-01-27 14:53:04"
8;"RSQ8";"2020-01-27 14:53:04";"2020-01-27 14:53:04"
8;"S1";"2020-01-27 14:53:04";"2020-01-27 14:53:04"
8;"S3";"2020-01-27 14:53:04";"2020-01-27 14:53:04"
8;"S4";"2020-01-27 14:53:04";"2020-01-27 14:53:04"
8;"S4 Avant";"2020-01-27 14:53:04";"2020-01-27 14:53:04"
8;"S4 Cabriolet";"2020-01-27 14:53:04";"2020-01-27 14:53:04"
8;"S5";"2020-01-27 14:53:04";"2020-01-27 14:53:04"
8;"S6 Avant";"2020-01-27 14:53:04";"2020-01-27 14:53:04"
8;"S6 Saloon";"2020-01-27 14:53:04";"2020-01-27 14:53:04"
8;"S7";"2020-01-27 14:53:04";"2020-01-27 14:53:04"
8;"S8";"2020-01-27 14:53:04";"2020-01-27 14:53:04"
8;"SQ2";"2020-01-27 14:53:04";"2020-01-27 14:53:04"
8;"SQ5";"2020-01-27 14:53:04";"2020-01-27 14:53:04"
8;"SQ7";"2020-01-27 14:53:04";"2020-01-27 14:53:04"
8;"SQ8";"2020-01-27 14:53:04";"2020-01-27 14:53:04"
8;"TT";"2020-01-27 14:53:04";"2020-01-27 14:53:04"
8;"TT RS";"2020-01-27 14:53:04";"2020-01-27 14:53:04"
8;"TTS";"2020-01-27 14:53:04";"2020-01-27 14:53:04"
